meter_id,timestamp,latitude,longitude,voltage_v,current_a,power_kw,energy_kwh,power_factor,frequency_hz,meter_status,signal_strength_dbm,temperature_c,anomaly_flag
MTR-0001,2026-09-30 10:00:00,13.321586,101.133228,235.42,3.91,0.86,1827.36,0.933,49.99,Normal,-50.7,36.5,Normal
MTR-0002,2026-09-30 10:00:00,13.325157,101.13744,232.45,3.16,0.69,3125.62,0.939,49.99,Normal,-70.6,30.7,Normal
MTR-0003,2026-09-30 10:00:00,13.385169,101.032607,233.19,2.15,0.49,1019.78,0.968,50.01,Normal,-68.2,35.2,Normal
MTR-0004,2026-09-30 10:00:00,13.345857,101.031082,235.84,1.67,0.36,4804.76,0.919,49.99,Normal,-68.3,36.0,Normal
MTR-0005,2026-09-30 10:00:00,13.311326,101.100224,235.77,5.64,1.28,3873.11,0.961,50.03,Normal,-63.3,37.7,Normal
MTR-0006,2026-09-30 10:00:00,13.375672,101.027817,234.14,1.46,0.33,2356.87,0.98,49.99,Normal,-65.0,36.9,Normal
MTR-0007,2026-09-30 10:00:00,13.321649,101.131883,229.72,3.76,0.81,1203.46,0.942,49.98,Normal,-68.3,37.7,Normal
MTR-0008,2026-09-30 10:00:00,13.299997,101.120436,227.09,1.14,0.25,4639.46,0.976,50.02,Normal,-71.7,33.7,Normal
MTR-0009,2026-09-30 10:00:00,13.321307,101.133288,229.52,4.12,0.91,4362.95,0.957,49.97,Normal,-55.7,32.8,Normal
MTR-0010,2026-09-30 10:00:00,13.345983,101.030632,226.33,4.64,0.98,3878.18,0.932,50.06,Normal,-51.0,33.0,Normal
MTR-0011,2026-09-30 10:00:00,13.359555,101.004516,219.24,4.91,1.02,1739.85,0.945,50.05,Normal,-49.7,34.9,Normal
MTR-0012,2026-09-30 10:00:00,13.397533,101.010324,227.6,2.79,0.6,2361.62,0.941,50.02,Normal,-67.3,27.7,Normal
MTR-0013,2026-09-30 10:00:00,13.390526,101.007937,230.79,69.54,15.34,15052.05,0.956,50.01,High_Load,-55.3,38.7,Abnormal_Load
MTR-0014,2026-09-30 10:00:00,13.331895,101.108595,226.06,8.47,1.83,1347.94,0.954,50.01,Normal,-60.9,34.2,Normal
MTR-0015,2026-09-30 10:00:00,13.348485,101.029246,228.04,36.35,7.49,19808.62,0.903,49.99,High_Load,-68.1,32.5,Abnormal_Load
MTR-0016,2026-09-30 10:00:00,13.290696,101.095579,228.23,58.33,12.45,26620.2,0.935,50.01,High_Load,-56.4,25.1,Abnormal_Load
MTR-0017,2026-09-30 10:00:00,13.379457,101.023388,235.78,3.21,0.67,3269.06,0.889,49.97,Normal,-68.5,33.9,Normal
MTR-0018,2026-09-30 10:00:00,13.391498,101.009706,227.2,2.42,0.52,4704.7,0.948,50.02,Normal,-66.4,33.3,Normal
MTR-0019,2026-09-30 10:00:00,13.323387,101.136134,235.78,2.27,0.49,3220.52,0.912,50.03,Normal,-75.4,30.9,Normal
MTR-0020,2026-09-30 10:00:00,13.356917,101.003851,215.44,2.36,0.48,2668.1,0.943,49.99,Normal,-67.2,31.6,Normal
MTR-0021,2026-09-30 10:00:00,13.291978,101.097794,235.74,6.49,1.45,2066.76,0.947,49.98,Normal,-60.7,33.9,Normal
MTR-0022,2026-09-30 10:00:00,13.321117,101.138478,235.49,4.25,0.97,4917.13,0.974,49.96,Normal,-48.9,31.9,Normal
MTR-0023,2026-09-30 10:00:00,13.380831,101.029596,233.51,2.42,0.54,842.9,0.949,50.04,Normal,-66.2,36.0,Normal
MTR-0024,2026-09-30 10:00:00,13.309089,101.1446,218.94,0.99,0.21,4871.72,0.956,49.98,Normal,-72.3,31.4,Normal
MTR-0025,2026-09-30 10:00:00,13.359953,101.007159,234.09,1.5,0.34,4376.89,0.97,49.99,Normal,-49.5,34.5,Normal
MTR-0026,2026-09-30 10:00:00,13.360794,101.006595,228.75,3.76,0.84,1067.17,0.981,50.01,Normal,-67.5,38.1,Normal
MTR-0027,2026-09-30 10:00:00,13.377603,101.027523,216.35,1.15,0.24,3133.68,0.947,50.01,Normal,-78.7,33.9,Normal
MTR-0028,2026-09-30 10:00:00,13.337603,101.083577,235.49,43.77,9.55,18640.43,0.926,50.02,High_Load,-61.8,35.2,Abnormal_Load
MTR-0029,2026-09-30 10:00:00,13.361236,101.004001,236.22,1.86,0.42,3166.09,0.95,49.99,Normal,-65.9,35.0,Normal
MTR-0030,2026-09-30 10:00:00,13.333614,101.107908,219.48,3.13,0.64,4759.2,0.936,49.97,Normal,-42.3,34.0,Normal
MTR-0031,2026-09-30 10:00:00,13.35782,101.005237,229.88,3.09,0.66,4929.17,0.931,49.96,Normal,-58.7,33.8,Normal
MTR-0032,2026-09-30 10:00:00,13.322493,101.133079,235.94,3.17,0.67,2456.33,0.893,49.98,Normal,-64.3,32.0,Normal
MTR-0033,2026-09-30 10:00:00,13.386509,101.004756,235.15,2.51,0.55,2242.24,0.923,49.97,Normal,-71.3,34.5,Normal
MTR-0034,2026-09-30 10:00:00,13.311095,101.100439,233.18,2.48,0.52,4897.53,0.906,49.99,Normal,-60.0,33.0,Normal
MTR-0035,2026-09-30 10:00:00,13.286745,101.09589,215.76,2.17,0.46,3656.92,0.981,50.04,Normal,-49.9,39.4,Normal
MTR-0036,2026-09-30 10:00:00,13.366725,101.043929,232.65,3.73,0.83,1001.11,0.955,49.99,Normal,-60.2,36.8,Normal
MTR-0037,2026-09-30 10:00:00,13.3544,101.017751,227.91,4.31,0.93,650.89,0.947,49.99,Normal,-70.6,28.9,Normal
MTR-0038,2026-09-30 10:00:00,13.294571,101.095675,233.98,1.73,0.38,3131.99,0.932,50.0,Normal,-58.2,29.1,Normal
MTR-0039,2026-09-30 10:00:00,13.322507,101.138412,230.28,2.93,0.64,4868.31,0.951,49.99,Normal,-63.4,33.5,Normal
MTR-0040,2026-09-30 10:00:00,13.290459,101.144286,228.9,3.28,0.7,4460.18,0.929,50.0,Normal,-59.0,32.6,Normal
MTR-0041,2026-09-30 10:00:00,13.346154,101.028225,232.2,3.26,0.72,3660.28,0.954,50.02,Normal,-66.2,33.4,Normal
MTR-0042,2026-09-30 10:00:00,13.357013,101.005608,228.14,3.23,0.71,1110.8,0.956,50.03,Normal,-66.4,36.3,Normal
MTR-0043,2026-09-30 10:00:00,13.336515,101.109555,228.88,68.69,14.84,15836.48,0.944,50.03,High_Load,-66.8,35.1,Abnormal_Load
MTR-0044,2026-09-30 10:00:00,13.322508,101.134124,226.22,3.4,0.71,4608.68,0.928,50.06,Normal,-54.5,35.1,Normal
MTR-0045,2026-09-30 10:00:00,13.351336,101.018107,220.97,3.96,0.85,1318.33,0.974,50.02,Normal,-66.3,39.1,Normal
MTR-0046,2026-09-30 10:00:00,13.2984,101.122502,231.84,3.2,0.7,1772.59,0.949,50.07,Normal,-67.1,29.1,Normal
MTR-0047,2026-09-30 10:00:00,13.306399,101.103196,224.97,3.77,0.79,1065.6,0.93,49.98,Normal,-71.5,34.4,Normal
MTR-0048,2026-09-30 10:00:00,13.313413,101.102975,228.0,45.65,9.63,8908.07,0.925,50.06,High_Load,-58.9,32.0,Abnormal_Load
MTR-0049,2026-09-30 10:00:00,13.302335,101.121506,230.43,1.3,0.28,4933.92,0.925,49.99,Normal,-60.2,39.0,Normal
MTR-0050,2026-09-30 10:00:00,13.334788,101.108951,218.57,4.59,0.95,1727.6,0.948,49.99,Normal,-67.0,26.3,Normal
MTR-0051,2026-09-30 10:00:00,13.357349,101.008621,219.69,3.5,0.75,2708.18,0.971,50.0,Normal,-69.4,26.4,Normal
MTR-0052,2026-09-30 10:00:00,13.362144,101.038293,227.5,1.82,0.39,3463.11,0.949,49.99,Normal,-46.1,35.1,Normal
MTR-0053,2026-09-30 10:00:00,13.322484,101.135798,231.27,4.3,1.0,5197.46,1.0,50.0,Normal,-79.9,37.9,Normal
MTR-0054,2026-09-30 10:00:00,13.323289,101.12588,232.72,2.51,0.56,947.84,0.961,49.98,Normal,-58.6,36.7,Normal
MTR-0055,2026-09-30 10:00:00,13.28931,101.097822,221.04,2.67,0.56,2818.21,0.956,50.02,Normal,-51.4,31.2,Normal
MTR-0056,2026-09-30 10:00:00,13.29991,101.121088,232.18,2.39,0.51,2279.32,0.927,49.98,Normal,-93.5,39.3,Normal
MTR-0057,2026-09-30 10:00:00,13.351834,101.019129,227.77,3.44,0.74,4562.65,0.944,50.02,Normal,-55.9,29.7,Normal
MTR-0058,2026-09-30 10:00:00,13.289929,101.092811,224.58,2.11,0.44,2710.85,0.931,50.05,Normal,-65.0,38.6,Normal
MTR-0059,2026-09-30 10:00:00,13.344212,101.018391,225.76,4.5,0.91,977.14,0.896,49.99,Normal,-60.7,30.2,Normal
MTR-0060,2026-09-30 10:00:00,13.288829,101.09419,233.01,2.82,0.64,3463.51,0.974,50.02,Normal,-65.9,32.8,Normal
MTR-0061,2026-09-30 10:00:00,13.362203,101.003421,230.37,2.55,0.55,4111.21,0.937,50.02,Normal,-53.3,36.2,Normal
MTR-0062,2026-09-30 10:00:00,13.319023,101.132915,229.25,4.21,0.9,463.69,0.931,50.07,Normal,-59.7,28.9,Normal
MTR-0063,2026-09-30 10:00:00,13.310496,101.099875,230.22,2.6,0.57,4530.04,0.955,49.98,Normal,-61.8,39.1,Normal
MTR-0064,2026-09-30 10:00:00,13.293899,101.146502,233.64,4.6,1.03,1333.61,0.963,50.02,Normal,-71.1,32.7,Normal
MTR-0065,2026-09-30 10:00:00,13.307933,101.101041,228.51,4.66,1.0,3072.33,0.942,49.95,Normal,-46.1,34.5,Normal
MTR-0066,2026-09-30 10:00:00,13.287745,101.097986,229.27,1.65,0.36,2425.04,0.95,49.99,Normal,-62.9,38.1,Normal
MTR-0067,2026-09-30 10:00:00,13.322273,101.133229,234.69,4.94,1.12,3868.36,0.969,50.01,Normal,-42.4,31.2,Normal
MTR-0068,2026-09-30 10:00:00,13.28815,101.093612,227.34,1.55,0.33,2213.02,0.941,50.04,Normal,-45.7,37.7,Normal
MTR-0069,2026-09-30 10:00:00,13.35896,101.009334,232.09,5.08,1.13,4581.38,0.958,49.96,Normal,-79.0,39.7,Normal
MTR-0070,2026-09-30 10:00:00,13.360254,101.005688,226.48,7.47,1.54,3919.86,0.909,50.02,Normal,-68.9,31.7,Normal
MTR-0071,2026-09-30 10:00:00,13.323086,101.131428,226.92,4.45,0.93,3526.64,0.919,50.0,Normal,-72.3,38.8,Normal
MTR-0072,2026-09-30 10:00:00,13.31706,101.146432,228.48,1.14,0.25,4232.14,0.965,49.95,Normal,-63.4,27.8,Normal
MTR-0073,2026-09-30 10:00:00,13.299399,101.121642,231.58,4.84,1.03,4031.61,0.918,50.01,Normal,-61.3,35.4,Normal
MTR-0074,2026-09-30 10:00:00,13.319511,101.100179,234.97,8.24,1.85,620.71,0.956,50.05,Normal,-60.9,29.7,Normal
MTR-0075,2026-09-30 10:00:00,13.323861,101.13554,229.48,2.62,0.57,2324.99,0.946,49.97,Normal,-53.5,37.3,Normal
MTR-0076,2026-09-30 10:00:00,13.378287,101.025252,221.5,2.95,0.62,4871.33,0.941,50.0,Normal,-49.6,37.0,Normal
MTR-0077,2026-09-30 10:00:00,13.329109,101.100251,232.16,1.76,0.38,1047.19,0.929,49.97,Normal,-54.3,41.3,Normal
MTR-0078,2026-09-30 10:00:00,13.377665,101.027908,241.27,3.45,0.81,3951.21,0.973,49.99,Normal,-68.0,39.0,Normal
MTR-0079,2026-09-30 10:00:00,13.289096,101.09515,229.54,5.31,1.21,5079.31,0.993,50.04,Normal,-70.0,33.4,Normal
MTR-0080,2026-09-30 10:00:00,13.377263,101.027147,220.46,43.44,8.83,23478.12,0.922,49.99,High_Load,-63.0,30.2,Abnormal_Load
MTR-0081,2026-09-30 10:00:00,13.31794,101.134112,229.85,12.0,2.64,3690.42,0.958,50.04,Normal,-59.2,36.0,Normal
MTR-0082,2026-09-30 10:00:00,13.346062,101.029546,228.98,3.04,0.65,2673.73,0.933,50.03,Normal,-64.6,33.8,Normal
MTR-0083,2026-09-30 10:00:00,13.319258,101.135865,228.56,1.44,0.3,3201.08,0.92,49.99,Normal,-75.1,39.4,Normal
MTR-0084,2026-09-30 10:00:00,13.300776,101.122106,233.73,3.24,0.72,855.37,0.949,49.98,Normal,-56.9,26.4,Normal
MTR-0085,2026-09-30 10:00:00,13.297455,101.12768,235.89,1.01,0.22,654.28,0.926,49.97,Normal,-66.5,41.7,Normal
MTR-0086,2026-09-30 10:00:00,13.300706,101.125173,232.42,2.36,0.5,3617.62,0.906,49.97,Normal,-66.8,35.9,Normal
MTR-0087,2026-09-30 10:00:00,13.360098,101.008234,228.33,6.23,1.38,4360.72,0.97,50.01,Normal,-63.5,31.2,Normal
MTR-0088,2026-09-30 10:00:00,13.345137,101.028879,234.63,3.47,0.79,4164.57,0.971,50.0,Normal,-65.2,36.6,Normal
MTR-0089,2026-09-30 10:00:00,13.29809,101.120258,221.53,3.25,0.67,3033.08,0.929,49.98,Normal,-66.3,38.5,Normal
MTR-0090,2026-09-30 10:00:00,13.289915,101.093989,225.42,6.81,1.47,924.37,0.956,49.95,Normal,-74.5,34.4,Normal
MTR-0091,2026-09-30 10:00:00,13.3213,101.135903,225.98,2.66,0.59,3718.21,0.975,50.0,Normal,-64.0,27.8,Normal
MTR-0092,2026-09-30 10:00:00,13.297393,101.145441,228.85,5.29,1.16,1598.97,0.955,49.99,Normal,-56.7,33.0,Normal
MTR-0093,2026-09-30 10:00:00,13.377733,101.023376,231.53,3.18,0.68,4777.58,0.92,49.99,Normal,-60.6,37.6,Normal
MTR-0094,2026-09-30 10:00:00,13.300488,101.077433,228.0,3.56,0.77,4431.76,0.944,50.01,Normal,-54.5,35.7,Normal
MTR-0095,2026-09-30 10:00:00,13.312996,101.101132,224.47,1.73,0.38,3819.57,0.983,49.92,Normal,-69.6,33.5,Normal
MTR-0096,2026-09-30 10:00:00,13.346493,101.029583,233.87,2.41,0.54,4957.02,0.956,49.95,Normal,-74.5,38.6,Normal
MTR-0097,2026-09-30 10:00:00,13.334012,101.143632,227.82,1.6,0.35,599.25,0.963,50.07,Normal,-65.2,36.6,Normal
MTR-0098,2026-09-30 10:00:00,13.31982,101.137939,229.51,2.87,0.63,3946.95,0.959,49.98,Normal,-68.5,36.9,Normal
MTR-0099,2026-09-30 10:00:00,13.327068,101.127044,231.76,3.58,0.77,2018.65,0.929,49.92,Normal,-67.6,32.6,Normal
MTR-0100,2026-09-30 10:00:00,13.336579,101.108557,229.19,41.09,9.1,17265.87,0.967,49.96,High_Load,-61.1,32.2,Abnormal_Load
MTR-0101,2026-09-30 10:00:00,13.376416,101.008681,229.22,7.54,1.66,1716.71,0.958,50.07,Normal,-67.5,28.1,Normal
MTR-0102,2026-09-30 10:00:00,13.376957,101.027775,234.15,3.4,0.77,3893.07,0.97,49.98,Normal,-74.3,33.1,Normal
MTR-0103,2026-09-30 10:00:00,13.34464,101.031051,229.76,3.08,0.69,4618.82,0.977,50.03,Normal,-68.0,37.3,Normal
MTR-0104,2026-09-30 10:00:00,13.360121,101.006961,233.31,4.24,0.92,647.87,0.929,50.0,Normal,-59.9,33.3,Normal
MTR-0105,2026-09-30 10:00:00,13.348688,101.032002,231.72,2.07,0.46,2338.83,0.961,49.99,Normal,-57.0,35.6,Normal
MTR-0106,2026-09-30 10:00:00,13.390689,101.006956,239.08,3.23,0.76,4070.97,0.98,50.02,Normal,-57.0,37.9,Normal
MTR-0107,2026-09-30 10:00:00,13.334585,101.108651,231.05,2.17,0.46,2610.86,0.925,49.93,Normal,-59.2,35.3,Normal
MTR-0108,2026-09-30 10:00:00,13.291727,101.094322,232.19,6.05,1.39,1719.45,0.987,49.96,Normal,-64.5,35.6,Normal
MTR-0109,2026-09-30 10:00:00,13.289816,101.096096,234.51,1.86,0.43,1494.08,0.991,49.99,Normal,-59.4,29.2,Normal
MTR-0110,2026-09-30 10:00:00,13.376818,101.014961,229.32,3.09,0.71,1074.71,1.0,49.96,Normal,-63.4,32.9,Normal
MTR-0111,2026-09-30 10:00:00,13.355893,101.035718,225.81,3.48,0.75,4521.37,0.956,49.98,Normal,-62.0,40.0,Normal
MTR-0112,2026-09-30 10:00:00,13.388003,101.005748,226.63,3.58,0.78,3182.94,0.956,50.03,Normal,-71.5,34.4,Normal
MTR-0113,2026-09-30 10:00:00,13.318956,101.132524,226.68,2.31,0.51,812.83,0.971,50.0,Normal,-62.6,40.6,Normal
MTR-0114,2026-09-30 10:00:00,13.393386,101.010749,224.25,2.0,0.44,2267.26,0.97,50.04,Normal,-59.6,31.5,Normal
MTR-0115,2026-09-30 10:00:00,13.389978,101.009555,230.59,2.32,0.52,2196.73,0.978,50.01,Normal,-59.9,34.8,Normal
MTR-0116,2026-09-30 10:00:00,13.299898,101.123375,225.85,3.81,0.83,1313.26,0.97,50.03,Normal,-74.6,32.7,Normal
MTR-0117,2026-09-30 10:00:00,13.375113,101.016535,229.97,2.81,0.61,2518.66,0.947,50.0,Normal,-62.1,36.1,Normal
MTR-0118,2026-09-30 10:00:00,13.38751,101.009758,228.21,4.29,0.96,2027.47,0.981,49.98,Normal,-76.0,37.1,Normal
MTR-0119,2026-09-30 10:00:00,13.349674,101.013796,228.79,3.72,0.79,2073.57,0.923,50.04,Normal,-61.4,36.1,Normal
MTR-0120,2026-09-30 10:00:00,13.347558,101.019405,231.78,1.08,0.24,3960.38,0.95,49.98,Normal,-69.3,37.6,Normal
MTR-0121,2026-09-30 10:00:00,13.310076,101.101641,226.29,3.35,0.75,1510.5,0.989,50.01,Normal,-47.6,34.0,Normal
MTR-0122,2026-09-30 10:00:00,13.361394,101.006199,232.19,8.26,1.76,3498.83,0.919,50.02,Normal,-61.9,33.3,Normal
MTR-0123,2026-09-30 10:00:00,13.300064,101.124328,236.84,5.45,1.2,3160.59,0.933,50.03,Normal,-55.8,27.8,Normal
MTR-0124,2026-09-30 10:00:00,13.39212,101.00926,230.72,3.63,0.81,3148.44,0.967,49.97,Normal,-44.0,36.2,Normal
MTR-0125,2026-09-30 10:00:00,13.29882,101.122908,225.09,1.86,0.4,3599.28,0.96,50.03,Normal,-70.4,34.6,Normal
MTR-0126,2026-09-30 10:00:00,13.309424,101.102352,225.92,3.72,0.78,3054.81,0.928,49.97,Normal,-59.1,33.8,Normal
MTR-0127,2026-09-30 10:00:00,13.299092,101.11987,227.76,4.18,0.9,4626.46,0.94,50.02,Normal,-73.7,33.3,Normal
MTR-0128,2026-09-30 10:00:00,13.29756,101.121629,226.03,2.68,0.56,3659.01,0.92,50.02,Normal,-59.9,33.9,Normal
MTR-0129,2026-09-30 10:00:00,13.389727,101.008041,224.04,3.46,0.76,3048.08,0.975,50.02,Normal,-47.1,33.2,Normal
MTR-0130,2026-09-30 10:00:00,13.36172,101.004654,229.77,5.92,1.28,4391.37,0.944,49.96,Normal,-68.7,32.2,Normal
MTR-0131,2026-09-30 10:00:00,13.359947,101.007474,227.89,2.04,0.46,3329.2,0.995,50.02,Normal,-71.0,34.8,Normal
MTR-0132,2026-09-30 10:00:00,13.332474,101.110527,229.95,1.86,0.41,1832.94,0.952,50.03,Normal,-63.8,35.7,Normal
MTR-0133,2026-09-30 10:00:00,13.291174,101.093997,234.93,4.1,0.91,1433.7,0.945,50.01,Normal,-44.6,31.3,Normal
MTR-0134,2026-09-30 10:00:00,13.310427,101.099487,227.82,3.69,0.79,1173.56,0.942,49.98,Normal,-56.1,32.6,Normal
MTR-0135,2026-09-30 10:00:00,13.324605,101.138558,223.07,4.77,1.0,4722.41,0.944,50.03,Normal,-71.1,33.3,Normal
MTR-0136,2026-09-30 10:00:00,13.332909,101.108998,227.01,3.88,0.84,3823.14,0.953,50.0,Normal,-49.9,34.0,Normal
MTR-0137,2026-09-30 10:00:00,13.348699,101.029786,232.85,2.32,0.54,4902.55,1.0,49.95,Normal,-77.9,33.6,Normal
MTR-0138,2026-09-30 10:00:00,13.322502,101.136714,232.38,46.7,10.33,18313.19,0.952,49.97,High_Load,-43.8,36.3,Abnormal_Load
MTR-0139,2026-09-30 10:00:00,13.37785,101.029545,231.59,1.79,0.39,2698.65,0.942,49.98,Normal,-55.3,28.2,Normal
MTR-0140,2026-09-30 10:00:00,13.351962,101.013973,225.88,2.68,0.58,733.65,0.952,50.05,Normal,-47.1,28.8,Normal
MTR-0141,2026-09-30 10:00:00,13.360002,101.006498,232.76,3.76,0.86,3640.3,0.977,50.04,Normal,-77.8,34.7,Normal
MTR-0142,2026-09-30 10:00:00,13.331153,101.093411,233.88,2.55,0.55,3215.49,0.914,50.04,Normal,-61.5,31.9,Normal
MTR-0143,2026-09-30 10:00:00,13.391472,101.00612,225.52,9.11,1.97,5153.49,0.961,50.01,Normal,-64.2,37.1,Normal
MTR-0144,2026-09-30 10:00:00,13.379582,101.029203,228.79,1.28,0.27,1586.0,0.93,50.03,Normal,-72.1,38.1,Normal
MTR-0145,2026-09-30 10:00:00,13.335109,101.109442,239.1,2.34,0.54,2971.0,0.964,49.97,Normal,-74.7,34.8,Normal
MTR-0146,2026-09-30 10:00:00,13.29869,101.121206,225.3,1.97,0.42,3542.05,0.938,50.0,Normal,-58.4,30.2,Normal
MTR-0147,2026-09-30 10:00:00,13.336676,101.004738,220.47,2.19,0.43,3511.81,0.892,50.01,Normal,-57.6,37.7,Normal
MTR-0148,2026-09-30 10:00:00,13.33588,101.106084,235.91,2.25,0.51,3116.14,0.959,49.97,Normal,-51.3,34.7,Normal
MTR-0149,2026-09-30 10:00:00,13.3849,101.034764,234.68,1.65,0.37,4140.41,0.959,50.01,Normal,-67.5,28.8,Normal
MTR-0150,2026-09-30 10:00:00,13.387754,101.009596,226.72,4.21,0.89,1423.66,0.936,50.05,Normal,-64.3,29.1,Normal
MTR-0151,2026-09-30 10:00:00,13.376127,101.026556,228.44,2.35,0.5,3896.73,0.934,50.02,Normal,-75.4,39.3,Normal
MTR-0152,2026-09-30 10:00:00,13.306211,101.075246,222.88,3.23,0.66,3393.74,0.917,50.03,Normal,-49.1,38.7,Normal
MTR-0153,2026-09-30 10:00:00,13.346718,101.029122,229.44,2.47,0.55,4706.36,0.969,49.93,Normal,-62.4,25.2,Normal
MTR-0154,2026-09-30 10:00:00,13.321089,101.135184,234.83,2.2,0.5,4474.17,0.972,50.05,Normal,-56.5,29.2,Normal
MTR-0155,2026-09-30 10:00:00,13.389205,101.007059,226.29,6.37,1.34,1946.95,0.928,49.99,Normal,-56.2,38.0,Normal
MTR-0156,2026-09-30 10:00:00,13.389028,101.007735,233.39,4.54,0.99,1762.13,0.937,49.98,Normal,-49.9,33.9,Normal
MTR-0157,2026-09-30 10:00:00,13.360179,101.006106,231.32,1.29,0.28,5112.85,0.948,49.99,Normal,-70.5,36.5,Normal
MTR-0158,2026-09-30 10:00:00,13.30147,101.120517,231.89,1.23,0.29,2954.51,1.0,49.96,Normal,-56.7,33.8,Normal
MTR-0159,2026-09-30 10:00:00,13.375019,101.026161,226.58,4.8,1.05,4755.5,0.964,50.03,Normal,-63.2,36.3,Normal
MTR-0160,2026-09-30 10:00:00,13.332196,101.111037,227.23,2.37,0.5,1228.43,0.926,49.99,Normal,-44.0,34.0,Normal
MTR-0161,2026-09-30 10:00:00,13.338077,101.125124,219.77,1.43,0.3,3503.39,0.958,49.98,Normal,-70.5,32.5,Normal
MTR-0162,2026-09-30 10:00:00,13.307676,101.098084,226.17,4.8,0.99,4296.84,0.916,49.99,Normal,-52.5,37.7,Normal
MTR-0163,2026-09-30 10:00:00,13.344124,101.031176,234.82,3.24,0.74,4950.13,0.968,50.03,Normal,-59.8,34.7,Normal
MTR-0164,2026-09-30 10:00:00,13.300397,101.122871,224.35,3.36,0.75,2052.37,0.992,50.0,Normal,-60.3,36.3,Normal
MTR-0165,2026-09-30 10:00:00,13.288421,101.136128,225.1,4.32,0.96,3893.66,0.992,49.96,Normal,-62.5,34.6,Normal
MTR-0166,2026-09-30 10:00:00,13.359921,101.006189,232.2,1.66,0.37,3009.36,0.968,50.01,Normal,-50.9,32.3,Normal
MTR-0167,2026-09-30 10:00:00,13.332362,101.107451,231.01,1.44,0.31,737.99,0.935,49.97,Normal,-60.6,39.6,Normal
MTR-0168,2026-09-30 10:00:00,13.392406,101.007061,232.45,6.11,1.3,3727.5,0.917,49.94,Normal,-76.7,35.2,Normal
MTR-0169,2026-09-30 10:00:00,13.378458,101.026928,223.18,1.57,0.32,3727.96,0.915,50.04,Normal,-52.0,32.8,Normal
MTR-0170,2026-09-30 10:00:00,13.289913,101.097635,241.82,1.73,0.37,4870.38,0.88,50.01,Normal,-53.7,38.5,Normal
MTR-0171,2026-09-30 10:00:00,13.31744,101.132608,222.92,1.89,0.41,2812.23,0.967,50.0,Normal,-57.7,29.4,Normal
MTR-0172,2026-09-30 10:00:00,13.308644,101.102228,229.77,7.65,1.67,1543.69,0.947,49.99,Normal,-73.2,41.8,Normal
MTR-0173,2026-09-30 10:00:00,13.3493,101.015537,228.21,3.75,0.83,661.68,0.973,50.04,Normal,-71.8,33.4,Normal
MTR-0174,2026-09-30 10:00:00,13.323179,101.140504,223.07,4.63,1.02,2424.3,0.986,50.09,Normal,-79.9,29.6,Normal
MTR-0175,2026-09-30 10:00:00,13.33253,101.108968,227.15,3.28,0.71,1884.1,0.952,50.01,Normal,-58.9,40.7,Normal
MTR-0176,2026-09-30 10:00:00,13.313337,101.0764,229.12,2.29,0.5,4065.17,0.954,49.97,Normal,-75.1,32.4,Normal
MTR-0177,2026-09-30 10:00:00,13.301656,101.124399,225.75,3.99,0.84,2132.77,0.938,50.0,Normal,-78.5,34.9,Normal
MTR-0178,2026-09-30 10:00:00,13.380189,101.028446,233.69,1.49,0.33,4958.09,0.941,50.01,Normal,-51.5,36.5,Normal
MTR-0179,2026-09-30 10:00:00,13.376016,101.005768,228.19,1.83,0.4,5020.97,0.968,49.93,Normal,-56.1,38.1,Normal
MTR-0180,2026-09-30 10:00:00,13.332121,101.109507,222.29,4.17,0.88,3399.32,0.946,50.01,Normal,-66.0,35.0,Normal
MTR-0181,2026-09-30 10:00:00,13.283214,101.124748,221.87,1.63,0.34,4861.14,0.942,50.01,Normal,-64.2,31.7,Normal
MTR-0182,2026-09-30 10:00:00,13.345471,101.030504,232.03,2.76,0.61,4064.06,0.95,50.04,Normal,-84.7,34.8,Normal
MTR-0183,2026-09-30 10:00:00,13.34559,101.009291,221.57,2.81,0.61,3047.58,0.972,50.04,Normal,-54.7,32.5,Normal
MTR-0184,2026-09-30 10:00:00,13.348902,101.027981,230.58,2.36,0.51,1306.46,0.933,50.0,Normal,-69.2,34.9,Normal
MTR-0185,2026-09-30 10:00:00,13.307481,101.09972,231.22,1.25,0.27,2628.34,0.948,50.05,Normal,-60.0,39.7,Normal
MTR-0186,2026-09-30 10:00:00,13.357945,101.006452,224.02,2.26,0.48,3114.15,0.956,50.06,Normal,-85.4,36.6,Normal
MTR-0187,2026-09-30 10:00:00,13.374198,101.023289,233.45,2.07,0.47,4553.82,0.979,50.0,Normal,-54.2,34.7,Normal
MTR-0188,2026-09-30 10:00:00,13.380024,101.030651,220.41,3.23,0.67,2736.33,0.944,50.01,Normal,-69.8,36.6,Normal
MTR-0189,2026-09-30 10:00:00,13.287244,101.096006,230.48,3.15,0.68,4713.95,0.932,49.95,Normal,-75.4,36.8,Normal
MTR-0190,2026-09-30 10:00:00,13.378585,101.026014,228.8,3.56,0.76,3653.16,0.938,49.96,Normal,-66.1,30.2,Normal
MTR-0191,2026-09-30 10:00:00,13.318051,101.136934,228.41,56.96,12.13,18934.01,0.933,49.97,High_Load,-68.4,34.1,Abnormal_Load
MTR-0192,2026-09-30 10:00:00,13.335406,101.108503,223.11,3.8,0.85,5176.16,1.0,49.99,Normal,-53.3,43.0,Normal
MTR-0193,2026-09-30 10:00:00,13.309466,101.099637,224.31,1.49,0.31,2954.36,0.917,49.97,Normal,-66.8,38.2,Normal
MTR-0194,2026-09-30 10:00:00,13.289261,101.134962,237.09,1.32,0.29,2311.33,0.923,50.0,Normal,-50.7,32.2,Normal
MTR-0195,2026-09-30 10:00:00,13.346968,101.030099,235.08,1.05,0.23,3580.79,0.946,49.99,Normal,-60.0,31.9,Normal
MTR-0196,2026-09-30 10:00:00,13.299079,101.122301,232.71,2.4,0.53,967.24,0.953,50.03,Normal,-55.0,31.8,Normal
MTR-0197,2026-09-30 10:00:00,13.2927,101.094556,233.7,2.14,0.48,3473.56,0.97,49.99,Normal,-63.0,37.0,Normal
MTR-0198,2026-09-30 10:00:00,13.322411,101.136944,233.23,4.28,0.93,2816.62,0.928,49.93,Normal,-51.6,39.6,Normal
MTR-0199,2026-09-30 10:00:00,13.360171,101.004449,227.38,2.24,0.47,2381.7,0.923,50.0,Normal,-73.4,36.0,Normal
MTR-0200,2026-09-30 10:00:00,13.349326,101.016172,229.24,3.39,0.74,4976.85,0.953,50.0,Normal,-62.0,34.6,Normal
MTR-0201,2026-09-30 10:00:00,13.358013,101.006127,221.64,4.33,0.9,2932.06,0.944,49.97,Normal,-66.6,32.4,Normal
MTR-0202,2026-09-30 10:00:00,13.38124,101.026436,228.55,2.2,0.49,1490.81,0.973,50.0,Normal,-50.4,35.2,Normal
MTR-0203,2026-09-30 10:00:00,13.357519,101.005204,234.92,3.43,0.78,2630.08,0.962,49.97,Normal,-49.5,31.1,Normal
MTR-0204,2026-09-30 10:00:00,13.391741,101.007739,225.7,4.71,1.02,4817.09,0.964,50.01,Normal,-63.0,27.2,Normal
MTR-0205,2026-09-30 10:00:00,13.332679,101.111925,234.12,51.05,10.74,24495.76,0.899,50.08,High_Load,-74.6,39.7,Abnormal_Load
MTR-0206,2026-09-30 10:00:00,13.389179,101.010806,229.46,35.88,7.92,13800.58,0.962,49.95,High_Load,-59.2,30.5,Abnormal_Load
MTR-0207,2026-09-30 10:00:00,13.377235,101.030435,222.07,2.21,0.46,511.89,0.929,49.98,Normal,-78.0,32.9,Normal
MTR-0208,2026-09-30 10:00:00,13.347712,101.002257,223.46,1.77,0.38,517.4,0.965,49.98,Normal,-48.4,36.3,Normal
MTR-0209,2026-09-30 10:00:00,13.378079,101.025559,233.6,1.5,0.32,4389.61,0.918,49.99,Normal,-67.3,39.0,Normal
MTR-0210,2026-09-30 10:00:00,13.323205,101.135682,231.76,1.76,0.38,3927.58,0.923,50.03,Normal,-63.3,34.9,Normal
MTR-0211,2026-09-30 10:00:00,13.349235,101.029068,229.51,3.08,0.66,2136.45,0.935,50.02,Normal,-69.1,29.8,Normal
MTR-0212,2026-09-30 10:00:00,13.30299,101.12169,227.63,1.45,0.33,3766.98,0.991,50.03,Normal,-71.1,32.9,Normal
MTR-0213,2026-09-30 10:00:00,13.32113,101.134366,230.05,2.34,0.52,2327.23,0.957,50.0,Normal,-56.4,31.6,Normal
MTR-0214,2026-09-30 10:00:00,13.288509,101.095436,233.4,4.33,0.94,4976.26,0.935,49.96,Normal,-64.4,33.9,Normal
MTR-0215,2026-09-30 10:00:00,13.377974,101.026973,236.38,3.67,0.83,5043.5,0.959,49.97,Normal,-62.6,38.3,Normal
MTR-0216,2026-09-30 10:00:00,13.347177,101.027866,236.62,2.36,0.53,2315.77,0.951,50.02,Normal,-72.0,25.1,Normal
MTR-0217,2026-09-30 10:00:00,13.354891,101.008585,230.86,6.42,1.39,4507.55,0.938,50.01,Normal,-55.3,32.6,Normal
MTR-0218,2026-09-30 10:00:00,13.285037,101.084917,228.14,7.03,1.47,4122.17,0.915,50.04,Normal,-54.4,32.3,Normal
MTR-0219,2026-09-30 10:00:00,13.377036,101.027297,229.73,3.04,0.69,1922.5,0.986,50.01,Normal,-64.9,29.6,Normal
MTR-0220,2026-09-30 10:00:00,13.378369,101.033196,231.61,0.99,0.22,1552.19,0.955,49.96,Normal,-51.6,36.0,Normal
MTR-0221,2026-09-30 10:00:00,13.324611,101.090931,231.59,4.47,1.04,2626.61,1.0,49.98,Normal,-63.9,29.0,Normal
MTR-0222,2026-09-30 10:00:00,13.346243,101.030011,235.54,1.07,0.25,4161.41,0.974,50.02,Normal,-56.0,29.5,Normal
MTR-0223,2026-09-30 10:00:00,13.309985,101.097302,239.58,5.83,1.35,5010.8,0.964,50.02,Normal,-77.6,37.0,Normal
MTR-0224,2026-09-30 10:00:00,13.387937,101.004873,227.97,4.89,1.05,4077.0,0.939,50.03,Normal,-59.8,39.3,Normal
MTR-0225,2026-09-30 10:00:00,13.32423,101.139012,239.78,6.67,1.47,4512.23,0.923,49.97,Normal,-65.4,33.7,Normal
MTR-0226,2026-09-30 10:00:00,13.391135,101.007441,234.86,3.37,0.75,3314.56,0.945,49.96,Normal,-61.6,29.7,Normal
MTR-0227,2026-09-30 10:00:00,13.307368,101.138861,228.5,2.55,0.54,4418.19,0.922,49.99,Normal,-62.0,31.5,Normal
MTR-0228,2026-09-30 10:00:00,13.35155,101.015301,236.49,2.45,0.56,4176.0,0.966,50.04,Normal,-61.9,37.5,Normal
MTR-0229,2026-09-30 10:00:00,13.377314,101.025917,237.43,2.35,0.55,2240.68,0.991,49.98,Normal,-57.5,34.4,Normal
MTR-0230,2026-09-30 10:00:00,13.29286,101.094801,226.7,4.67,1.0,3071.95,0.943,50.01,Normal,-68.1,33.6,Normal
MTR-0231,2026-09-30 10:00:00,13.309596,101.100111,237.66,4.13,0.96,4272.58,0.974,50.01,Normal,-57.9,35.1,Normal
MTR-0232,2026-09-30 10:00:00,13.335494,101.107883,234.38,3.17,0.69,668.77,0.933,50.02,Normal,-51.9,33.9,Normal
MTR-0233,2026-09-30 10:00:00,13.303556,101.09892,240.84,2.17,0.49,4288.38,0.942,50.05,Normal,-75.7,39.4,Normal
MTR-0234,2026-09-30 10:00:00,13.298097,101.142394,226.88,9.79,2.07,1294.97,0.93,50.05,Normal,-70.0,31.4,Normal
MTR-0235,2026-09-30 10:00:00,13.365975,101.022808,227.23,4.52,0.92,2894.75,0.897,49.98,Normal,-69.6,31.0,Normal
MTR-0236,2026-09-30 10:00:00,13.376695,101.027546,218.87,1.46,0.3,4289.31,0.949,49.94,Normal,-72.8,29.2,Normal
MTR-0237,2026-09-30 10:00:00,13.376589,101.002193,231.86,2.38,0.53,1655.65,0.953,49.98,Normal,-67.3,32.1,Normal
MTR-0238,2026-09-30 10:00:00,13.350756,101.020064,230.88,4.56,1.03,1617.59,0.977,50.0,Normal,-53.7,30.2,Normal
MTR-0239,2026-09-30 10:00:00,13.377436,101.031527,226.19,2.09,0.46,2363.13,0.97,49.99,Normal,-50.0,34.8,Normal
MTR-0240,2026-09-30 10:00:00,13.348305,101.030019,228.59,3.51,0.78,4699.55,0.97,50.06,Normal,-62.0,34.1,Normal
MTR-0241,2026-09-30 10:00:00,13.359054,101.005814,222.44,4.6,0.95,452.1,0.926,50.0,Normal,-65.9,30.2,Normal
MTR-0242,2026-09-30 10:00:00,13.310095,101.099891,234.99,0.65,0.15,4731.57,0.961,50.02,Normal,-55.8,36.1,Normal
MTR-0243,2026-09-30 10:00:00,13.353417,101.045971,226.55,2.86,0.64,1180.58,0.99,50.01,Normal,-84.3,39.3,Normal
MTR-0244,2026-09-30 10:00:00,13.377988,101.02935,244.47,2.91,0.68,5152.91,0.959,49.99,Normal,-72.5,35.3,Normal
MTR-0245,2026-09-30 10:00:00,13.355919,101.005102,228.12,2.49,0.57,4985.52,0.996,49.94,Normal,-83.9,25.1,Normal
MTR-0246,2026-09-30 10:00:00,13.335109,101.108665,225.2,3.44,0.77,2799.71,1.0,50.0,Normal,-72.6,41.0,Normal
MTR-0247,2026-09-30 10:00:00,13.387038,101.004093,226.94,4.03,0.86,2885.42,0.943,50.1,Normal,-69.9,36.6,Normal
MTR-0248,2026-09-30 10:00:00,13.375093,101.028803,221.94,3.2,0.66,2737.36,0.933,49.96,Normal,-49.7,40.8,Normal
MTR-0249,2026-09-30 10:00:00,13.312355,101.100681,231.41,2.54,0.55,3468.36,0.931,49.95,Normal,-87.8,37.8,Normal
MTR-0250,2026-09-30 10:00:00,13.346931,101.028898,226.9,3.99,0.83,880.93,0.912,50.06,Normal,-66.8,38.5,Normal
MTR-0251,2026-09-30 10:00:00,13.352528,101.015825,234.66,3.07,0.67,604.94,0.937,50.02,Normal,-57.4,34.7,Normal
MTR-0252,2026-09-30 10:00:00,13.309989,101.103115,227.63,2.7,0.6,724.09,0.98,50.01,Normal,-59.3,33.1,Normal
MTR-0253,2026-09-30 10:00:00,13.345728,101.02014,235.92,1.66,0.35,2560.74,0.895,50.04,Normal,-49.8,35.3,Normal
MTR-0254,2026-09-30 10:00:00,13.357473,101.014131,232.79,1.49,0.32,1758.85,0.924,49.98,Normal,-61.6,31.5,Normal
MTR-0255,2026-09-30 10:00:00,13.359694,101.007138,229.14,1.65,0.36,3404.69,0.947,50.0,Normal,-59.6,35.5,Normal
MTR-0256,2026-09-30 10:00:00,13.378463,101.029141,236.9,3.4,0.75,5164.1,0.928,50.03,Normal,-79.5,25.0,Normal
MTR-0257,2026-09-30 10:00:00,13.359263,101.004347,233.76,2.9,0.63,2285.04,0.937,50.06,Normal,-71.9,34.2,Normal
MTR-0258,2026-09-30 10:00:00,13.377556,101.025421,243.73,1.54,0.35,3175.75,0.937,49.96,Normal,-79.0,38.7,Normal
MTR-0259,2026-09-30 10:00:00,13.332824,101.10737,226.95,4.01,0.86,2424.12,0.944,50.04,Normal,-57.8,34.3,Normal
MTR-0260,2026-09-30 10:00:00,13.310751,101.094676,229.38,5.57,1.19,4474.54,0.932,50.01,Normal,-59.9,40.0,Normal
MTR-0261,2026-09-30 10:00:00,13.33598,101.019283,236.84,2.29,0.5,4735.62,0.93,50.0,Normal,-60.2,33.1,Normal
MTR-0262,2026-09-30 10:00:00,13.390976,101.009447,221.28,1.37,0.3,4617.44,0.973,50.0,Normal,-70.9,37.5,Normal
MTR-0263,2026-09-30 10:00:00,13.346911,101.02962,235.58,2.18,0.5,5078.27,0.976,49.96,Normal,-71.8,30.9,Normal
MTR-0264,2026-09-30 10:00:00,13.312241,101.100321,231.2,4.41,0.93,580.72,0.915,50.03,Normal,-61.1,37.4,Normal
MTR-0265,2026-09-30 10:00:00,13.311911,101.101868,224.56,3.84,0.76,4439.13,0.881,49.98,Normal,-69.0,34.8,Normal
MTR-0266,2026-09-30 10:00:00,13.344338,101.120894,222.18,1.98,0.43,4020.92,0.977,49.97,Normal,-72.2,33.2,Normal
MTR-0267,2026-09-30 10:00:00,13.30196,101.120575,225.64,5.95,1.23,1536.3,0.919,50.03,Normal,-67.6,25.0,Normal
MTR-0268,2026-09-30 10:00:00,13.352701,101.018123,217.58,5.5,1.14,4992.52,0.955,50.02,Normal,-68.9,33.1,Normal
MTR-0269,2026-09-30 10:00:00,13.339386,101.017415,226.55,2.16,0.45,1153.85,0.911,50.0,Normal,-70.8,34.7,Normal
MTR-0270,2026-09-30 10:00:00,13.309957,101.095518,232.11,2.15,0.49,3677.86,0.982,50.03,Normal,-74.0,36.9,Normal
MTR-0271,2026-09-30 10:00:00,13.312643,101.100096,226.62,2.3,0.52,1518.23,1.0,50.04,Normal,-59.0,39.5,Normal
MTR-0272,2026-09-30 10:00:00,13.310165,101.097806,235.94,2.39,0.54,2499.06,0.955,50.04,Normal,-49.0,41.1,Normal
MTR-0273,2026-09-30 10:00:00,13.308628,101.095989,237.3,4.6,1.03,3866.01,0.948,49.98,Normal,-63.4,38.4,Normal
MTR-0274,2026-09-30 10:00:00,13.324541,101.134859,235.38,3.63,0.81,3125.79,0.942,50.03,Normal,-61.0,32.0,Normal
MTR-0275,2026-09-30 10:00:00,13.346784,101.028646,230.15,4.45,0.99,2480.63,0.97,50.01,Normal,-58.2,32.9,Normal
MTR-0276,2026-09-30 10:00:00,13.325147,101.135076,217.38,4.06,0.85,2000.11,0.964,50.05,Normal,-59.7,36.6,Normal
MTR-0277,2026-09-30 10:00:00,13.291538,101.09504,225.48,6.49,1.43,4438.38,0.975,50.0,Normal,-70.6,35.8,Normal
MTR-0278,2026-09-30 10:00:00,13.309081,101.101572,228.29,1.86,0.4,1133.12,0.934,49.99,Normal,-47.5,39.7,Normal
MTR-0279,2026-09-30 10:00:00,13.322685,101.135506,224.53,3.56,0.77,2492.99,0.959,49.98,Normal,-69.8,42.7,Normal
MTR-0280,2026-09-30 10:00:00,13.290295,101.092905,228.3,1.13,0.24,4742.85,0.936,50.01,Normal,-57.2,41.9,Normal
MTR-0281,2026-09-30 10:00:00,13.309837,101.100165,237.05,1.66,0.36,4467.79,0.924,50.01,Normal,-58.2,39.2,Normal
MTR-0282,2026-09-30 10:00:00,13.298691,101.123392,220.77,2.9,0.61,2354.47,0.949,50.01,Normal,-80.6,35.8,Normal
MTR-0283,2026-09-30 10:00:00,13.289721,101.097117,238.06,3.62,0.8,4074.76,0.927,50.01,Normal,-66.2,38.7,Normal
MTR-0284,2026-09-30 10:00:00,13.359202,101.004966,233.42,2.87,0.66,4360.01,0.979,50.02,Normal,-62.5,39.8,Normal
MTR-0285,2026-09-30 10:00:00,13.343972,101.004207,230.34,2.32,0.5,4672.22,0.928,49.99,Normal,-61.8,33.5,Normal
MTR-0286,2026-09-30 10:00:00,13.290608,101.094067,225.43,2.52,0.54,3036.4,0.959,49.97,Normal,-60.3,32.1,Normal
MTR-0287,2026-09-30 10:00:00,13.352962,101.018944,224.63,5.56,1.17,1421.19,0.935,49.97,Normal,-56.2,31.3,Normal
MTR-0288,2026-09-30 10:00:00,13.378201,101.026632,220.87,43.59,8.76,9226.62,0.91,50.03,High_Load,-63.1,30.9,Abnormal_Load
MTR-0289,2026-09-30 10:00:00,13.288641,101.097088,237.58,6.59,1.47,1854.55,0.937,50.01,Normal,-59.8,29.2,Normal
MTR-0290,2026-09-30 10:00:00,13.378794,101.02772,236.69,4.29,0.93,3270.56,0.919,49.94,Normal,-63.4,34.9,Normal
MTR-0291,2026-09-30 10:00:00,13.324002,101.1377,221.97,3.69,0.79,605.85,0.962,50.03,Normal,-72.2,30.5,Normal
MTR-0292,2026-09-30 10:00:00,13.33433,101.109957,226.24,1.75,0.37,3471.2,0.944,50.06,Normal,-62.7,31.3,Normal
MTR-0293,2026-09-30 10:00:00,13.3089,101.099207,231.17,4.57,1.01,2180.68,0.957,49.98,Normal,-56.3,36.5,Normal
MTR-0294,2026-09-30 10:00:00,13.358413,101.004652,227.5,2.4,0.51,1852.4,0.939,50.01,Normal,-53.0,34.6,Normal
MTR-0295,2026-09-30 10:00:00,13.29947,101.120254,219.41,1.75,0.35,4627.61,0.917,49.99,Normal,-58.2,35.5,Normal
MTR-0296,2026-09-30 10:00:00,13.289911,101.095007,225.71,3.78,0.83,2635.01,0.977,50.02,Normal,-51.0,38.8,Normal
MTR-0297,2026-09-30 10:00:00,13.299027,101.124523,238.76,1.61,0.37,901.5,0.968,49.97,Normal,-59.2,37.0,Normal
MTR-0298,2026-09-30 10:00:00,13.299661,101.122173,226.05,2.13,0.45,4377.05,0.936,50.0,Normal,-55.2,39.3,Normal
MTR-0299,2026-09-30 10:00:00,13.323492,101.141435,228.18,2.99,0.65,676.3,0.952,50.03,Normal,-54.6,34.3,Normal
MTR-0300,2026-09-30 10:00:00,13.363445,101.02093,223.27,8.14,1.77,3902.06,0.976,50.04,Normal,-65.0,39.6,Normal
MTR-0001,2026-09-30 10:01:00,13.321586,101.133228,234.47,4.0,0.86,1827.4,0.922,50.01,Normal,-49.7,36.4,Normal
MTR-0002,2026-09-30 10:01:00,13.325157,101.13744,233.22,3.09,0.67,3125.65,0.935,50.01,Normal,-72.4,30.8,Normal
MTR-0003,2026-09-30 10:01:00,13.385169,101.032607,235.81,2.17,0.5,1019.8,0.983,50.06,Normal,-65.8,35.5,Normal
MTR-0004,2026-09-30 10:01:00,13.345857,101.031082,234.38,1.77,0.38,4804.78,0.909,49.98,Normal,-64.9,35.8,Normal
MTR-0005,2026-09-30 10:01:00,13.311326,101.100224,233.6,5.92,1.33,3873.17,0.962,50.06,Normal,-63.9,37.8,Normal
MTR-0006,2026-09-30 10:01:00,13.375672,101.027817,232.82,1.42,0.33,2356.88,0.986,50.0,Normal,-63.3,36.7,Normal
MTR-0007,2026-09-30 10:01:00,13.321649,101.131883,231.54,3.52,0.77,1203.49,0.943,49.98,Normal,-69.7,38.3,Normal
MTR-0008,2026-09-30 10:01:00,13.299997,101.120436,230.29,1.15,0.26,4639.47,0.981,50.03,Normal,-73.0,34.3,Normal
MTR-0009,2026-09-30 10:01:00,13.321307,101.133288,225.02,4.3,0.93,4362.99,0.958,49.96,Normal,-54.5,32.9,Normal
MTR-0010,2026-09-30 10:01:00,13.345983,101.030632,227.37,4.7,1.0,3878.22,0.932,50.06,Normal,-52.0,32.8,Normal
MTR-0011,2026-09-30 10:01:00,13.359555,101.004516,220.05,4.6,0.96,1739.89,0.948,50.08,Normal,-45.9,35.3,Normal
MTR-0012,2026-09-30 10:01:00,13.397533,101.010324,227.71,2.62,0.55,2361.64,0.93,50.03,Normal,-67.2,27.4,Normal
MTR-0013,2026-09-30 10:01:00,13.390526,101.007937,233.62,67.71,15.14,15052.68,0.957,50.01,High_Load,-54.6,38.4,Abnormal_Load
MTR-0014,2026-09-30 10:01:00,13.331895,101.108595,225.28,8.43,1.81,1348.02,0.952,50.02,Normal,-62.3,34.2,Normal
MTR-0015,2026-09-30 10:01:00,13.348485,101.029246,228.5,37.68,7.71,19808.94,0.896,49.98,High_Load,-67.1,32.3,Abnormal_Load
MTR-0016,2026-09-30 10:01:00,13.290696,101.095579,226.91,55.01,11.68,26620.69,0.936,50.0,High_Load,-53.4,24.9,Abnormal_Load
MTR-0017,2026-09-30 10:01:00,13.379457,101.023388,237.44,3.26,0.68,3269.09,0.875,49.97,Normal,-68.4,34.0,Normal
MTR-0018,2026-09-30 10:01:00,13.391498,101.009706,229.18,2.54,0.55,4704.72,0.951,50.05,Normal,-67.6,32.9,Normal
MTR-0019,2026-09-30 10:01:00,13.323387,101.136134,236.64,2.31,0.5,3220.54,0.921,50.04,Normal,-76.8,31.1,Normal
MTR-0020,2026-09-30 10:01:00,13.356917,101.003851,214.26,2.5,0.51,2668.12,0.95,49.97,Normal,-68.2,31.5,Normal
MTR-0021,2026-09-30 10:01:00,13.291978,101.097794,236.27,6.33,1.41,2066.82,0.941,49.99,Normal,-62.8,34.0,Normal
MTR-0022,2026-09-30 10:01:00,13.321117,101.138478,237.96,4.53,1.04,4917.17,0.967,49.94,Normal,-50.3,32.1,Normal
MTR-0023,2026-09-30 10:01:00,13.380831,101.029596,234.15,2.3,0.51,842.92,0.941,50.04,Normal,-63.4,36.0,Normal
MTR-0024,2026-09-30 10:01:00,13.309089,101.1446,217.3,1.06,0.22,4871.73,0.956,49.95,Normal,-72.7,30.8,Normal
MTR-0025,2026-09-30 10:01:00,13.359953,101.007159,233.76,1.47,0.33,4376.9,0.973,49.97,Normal,-49.9,34.5,Normal
MTR-0026,2026-09-30 10:01:00,13.360794,101.006595,229.73,3.73,0.84,1067.21,0.978,50.03,Normal,-66.1,38.1,Normal
MTR-0027,2026-09-30 10:01:00,13.377603,101.027523,217.2,1.13,0.23,3133.69,0.95,50.01,Normal,-80.8,33.7,Normal
MTR-0028,2026-09-30 10:01:00,13.337603,101.083577,234.88,44.27,9.64,18640.83,0.927,50.02,High_Load,-64.0,34.9,Abnormal_Load
MTR-0029,2026-09-30 10:01:00,13.361236,101.004001,236.31,1.72,0.39,3166.11,0.958,49.97,Normal,-66.7,35.0,Normal
MTR-0030,2026-09-30 10:01:00,13.333614,101.107908,219.47,3.28,0.68,4759.23,0.939,49.98,Normal,-40.6,33.9,Normal
MTR-0031,2026-09-30 10:01:00,13.35782,101.005237,231.65,3.19,0.69,4929.2,0.934,49.94,Normal,-60.5,34.1,Normal
MTR-0032,2026-09-30 10:01:00,13.322493,101.133079,237.47,3.05,0.65,2456.36,0.897,49.94,Normal,-63.0,32.1,Normal
MTR-0033,2026-09-30 10:01:00,13.386509,101.004756,235.68,2.62,0.57,2242.26,0.921,49.98,Normal,-71.7,35.1,Normal
MTR-0034,2026-09-30 10:01:00,13.311095,101.100439,233.03,2.3,0.49,4897.55,0.912,50.0,Normal,-59.2,33.0,Normal
MTR-0035,2026-09-30 10:01:00,13.286745,101.09589,215.64,2.29,0.48,3656.94,0.976,50.02,Normal,-48.2,39.6,Normal
MTR-0036,2026-09-30 10:01:00,13.366725,101.043929,229.71,3.79,0.83,1001.14,0.951,49.98,Normal,-59.9,36.7,Normal
MTR-0037,2026-09-30 10:01:00,13.3544,101.017751,228.97,4.65,1.02,650.93,0.954,49.99,Normal,-70.3,28.9,Normal
MTR-0038,2026-09-30 10:01:00,13.294571,101.095675,234.67,1.69,0.36,3132.0,0.92,50.0,Normal,-58.8,29.7,Normal
MTR-0039,2026-09-30 10:01:00,13.322507,101.138412,230.69,2.71,0.6,4868.34,0.958,49.96,Normal,-64.2,33.9,Normal
MTR-0040,2026-09-30 10:01:00,13.290459,101.144286,228.55,3.5,0.74,4460.21,0.929,49.99,Normal,-58.7,32.2,Normal
MTR-0041,2026-09-30 10:01:00,13.346154,101.028225,233.14,3.42,0.76,3660.31,0.959,50.02,Normal,-67.8,33.4,Normal
MTR-0042,2026-09-30 10:01:00,13.357013,101.005608,226.27,2.98,0.64,1110.83,0.946,50.02,Normal,-66.7,35.6,Normal
MTR-0043,2026-09-30 10:01:00,13.336515,101.109555,229.71,69.47,15.11,15837.11,0.947,50.03,High_Load,-66.9,35.6,Abnormal_Load
MTR-0044,2026-09-30 10:01:00,13.322508,101.134124,227.4,3.58,0.75,4608.71,0.922,50.08,Normal,-53.2,35.5,Normal
MTR-0045,2026-09-30 10:01:00,13.351336,101.018107,221.51,4.12,0.89,1318.37,0.98,49.99,Normal,-66.3,39.2,Normal
MTR-0046,2026-09-30 10:01:00,13.2984,101.122502,229.94,3.3,0.71,1772.62,0.941,50.08,Normal,-67.3,29.0,Normal
MTR-0047,2026-09-30 10:01:00,13.306399,101.103196,226.67,3.88,0.82,1065.63,0.933,49.97,Normal,-71.9,34.4,Normal
MTR-0048,2026-09-30 10:01:00,13.313413,101.102975,228.71,43.3,9.13,8908.45,0.922,50.06,High_Load,-57.9,32.3,Abnormal_Load
MTR-0049,2026-09-30 10:01:00,13.302335,101.121506,229.16,1.27,0.27,4933.93,0.932,49.99,Normal,-60.5,39.2,Normal
MTR-0050,2026-09-30 10:01:00,13.334788,101.108951,219.1,4.72,0.97,1727.64,0.94,50.01,Normal,-66.4,26.7,Normal
MTR-0051,2026-09-30 10:01:00,13.357349,101.008621,218.73,3.65,0.78,2708.21,0.972,50.01,Normal,-69.5,26.5,Normal
MTR-0052,2026-09-30 10:01:00,13.362144,101.038293,227.44,1.78,0.39,3463.13,0.951,49.99,Normal,-44.5,34.8,Normal
MTR-0053,2026-09-30 10:01:00,13.322484,101.135798,231.83,4.4,1.02,5197.5,1.0,50.0,Normal,-79.3,38.4,Normal
MTR-0054,2026-09-30 10:01:00,13.323289,101.12588,232.03,2.69,0.61,947.87,0.981,49.98,Normal,-57.9,36.4,Normal
MTR-0055,2026-09-30 10:01:00,13.28931,101.097822,221.58,2.57,0.54,2818.23,0.957,50.0,Normal,-52.6,31.0,Normal
MTR-0056,2026-09-30 10:01:00,13.29991,101.121088,231.8,2.29,0.49,2279.34,0.927,49.99,Normal,-90.8,39.3,Normal
MTR-0057,2026-09-30 10:01:00,13.351834,101.019129,227.95,3.57,0.77,4562.68,0.948,50.02,Normal,-54.7,29.5,Normal
MTR-0058,2026-09-30 10:01:00,13.289929,101.092811,220.91,1.97,0.4,2710.87,0.927,50.04,Normal,-65.7,38.4,Normal
MTR-0059,2026-09-30 10:01:00,13.344212,101.018391,224.62,4.76,0.96,977.18,0.895,49.99,Normal,-60.6,30.0,Normal
MTR-0060,2026-09-30 10:01:00,13.288829,101.09419,231.61,2.62,0.59,3463.53,0.979,49.98,Normal,-64.7,32.6,Normal
MTR-0061,2026-09-30 10:01:00,13.362203,101.003421,231.77,2.68,0.58,4111.23,0.94,50.01,Normal,-53.3,35.9,Normal
MTR-0062,2026-09-30 10:01:00,13.319023,101.132915,228.31,4.19,0.9,463.73,0.936,50.05,Normal,-60.3,29.2,Normal
MTR-0063,2026-09-30 10:01:00,13.310496,101.099875,231.07,2.52,0.55,4530.06,0.953,49.98,Normal,-63.3,39.4,Normal
MTR-0064,2026-09-30 10:01:00,13.293899,101.146502,235.58,4.43,1.0,1333.65,0.956,50.02,Normal,-70.7,32.4,Normal
MTR-0065,2026-09-30 10:01:00,13.307933,101.101041,227.39,4.73,1.02,3072.37,0.944,49.93,Normal,-47.2,34.6,Normal
MTR-0066,2026-09-30 10:01:00,13.287745,101.097986,230.48,1.57,0.35,2425.05,0.955,49.99,Normal,-64.9,38.3,Normal
MTR-0067,2026-09-30 10:01:00,13.322273,101.133229,232.77,4.62,1.05,3868.4,0.974,50.03,Normal,-43.1,30.8,Normal
MTR-0068,2026-09-30 10:01:00,13.28815,101.093612,229.69,1.67,0.36,2213.03,0.936,50.06,Normal,-46.7,37.9,Normal
MTR-0069,2026-09-30 10:01:00,13.35896,101.009334,232.82,5.0,1.11,4581.43,0.957,49.96,Normal,-80.1,39.4,Normal
MTR-0070,2026-09-30 10:01:00,13.360254,101.005688,227.54,7.73,1.6,3919.93,0.911,50.01,Normal,-69.5,31.6,Normal
MTR-0071,2026-09-30 10:01:00,13.323086,101.131428,225.23,4.13,0.86,3526.68,0.925,50.0,Normal,-73.2,38.8,Normal
MTR-0072,2026-09-30 10:01:00,13.31706,101.146432,229.16,1.22,0.27,4232.15,0.958,49.94,Normal,-64.3,27.7,Normal
MTR-0073,2026-09-30 10:01:00,13.299399,101.121642,230.3,4.62,0.98,4031.65,0.919,50.02,Normal,-58.8,34.7,Normal
MTR-0074,2026-09-30 10:01:00,13.319511,101.100179,234.77,8.36,1.88,620.79,0.956,50.07,Normal,-57.0,29.8,Normal
MTR-0075,2026-09-30 10:01:00,13.323861,101.13554,231.44,2.56,0.56,2325.01,0.95,49.95,Normal,-52.3,36.9,Normal
MTR-0076,2026-09-30 10:01:00,13.378287,101.025252,222.07,2.73,0.57,4871.35,0.944,50.0,Normal,-49.6,37.0,Normal
MTR-0077,2026-09-30 10:01:00,13.329109,101.100251,231.06,1.83,0.4,1047.21,0.935,49.95,Normal,-56.6,41.3,Normal
MTR-0078,2026-09-30 10:01:00,13.377665,101.027908,242.06,3.65,0.86,3951.25,0.971,50.02,Normal,-67.4,39.4,Normal
MTR-0079,2026-09-30 10:01:00,13.289096,101.09515,228.96,5.26,1.2,5079.36,1.0,50.03,Normal,-72.1,33.9,Normal
MTR-0080,2026-09-30 10:01:00,13.377263,101.027147,221.93,45.22,9.21,23478.5,0.918,50.0,High_Load,-62.6,30.3,Abnormal_Load
MTR-0081,2026-09-30 10:01:00,13.31794,101.134112,229.86,11.62,2.56,3690.53,0.959,50.05,Normal,-61.1,35.7,Normal
MTR-0082,2026-09-30 10:01:00,13.346062,101.029546,229.73,3.07,0.66,2673.76,0.938,50.01,Normal,-68.4,33.9,Normal
MTR-0083,2026-09-30 10:01:00,13.319258,101.135865,228.07,1.39,0.29,3201.09,0.915,50.0,Normal,-76.0,39.5,Normal
MTR-0084,2026-09-30 10:01:00,13.300776,101.122106,231.46,3.37,0.74,855.4,0.951,49.97,Normal,-56.2,26.6,Normal
MTR-0085,2026-09-30 10:01:00,13.297455,101.12768,235.54,1.06,0.23,654.29,0.924,49.98,Normal,-65.5,41.2,Normal
MTR-0086,2026-09-30 10:01:00,13.300706,101.125173,234.59,2.23,0.47,3617.64,0.907,49.98,Normal,-65.9,35.8,Normal
MTR-0087,2026-09-30 10:01:00,13.360098,101.008234,227.33,6.53,1.45,4360.78,0.977,50.01,Normal,-64.7,30.9,Normal
MTR-0088,2026-09-30 10:01:00,13.345137,101.028879,232.74,3.33,0.76,4164.6,0.978,50.0,Normal,-63.5,36.5,Normal
MTR-0089,2026-09-30 10:01:00,13.29809,101.120258,221.42,3.43,0.7,3033.11,0.926,49.99,Normal,-66.2,38.4,Normal
MTR-0090,2026-09-30 10:01:00,13.289915,101.093989,225.39,7.3,1.59,924.44,0.966,49.96,Normal,-74.3,33.7,Normal
MTR-0091,2026-09-30 10:01:00,13.3213,101.135903,223.85,2.5,0.54,3718.23,0.972,50.0,Normal,-66.2,28.0,Normal
MTR-0092,2026-09-30 10:01:00,13.297393,101.145441,227.56,5.65,1.22,1599.02,0.948,49.98,Normal,-59.1,32.6,Normal
MTR-0093,2026-09-30 10:01:00,13.377733,101.023376,233.79,3.37,0.73,4777.61,0.921,50.0,Normal,-60.1,38.2,Normal
MTR-0094,2026-09-30 10:01:00,13.300488,101.077433,227.66,3.68,0.78,4431.79,0.934,50.0,Normal,-56.5,35.8,Normal
MTR-0095,2026-09-30 10:01:00,13.312996,101.101132,224.86,1.75,0.38,3819.59,0.968,49.94,Normal,-72.5,33.5,Normal
MTR-0096,2026-09-30 10:01:00,13.346493,101.029583,232.27,2.44,0.54,4957.04,0.955,49.98,Normal,-75.3,38.3,Normal
MTR-0097,2026-09-30 10:01:00,13.334012,101.143632,229.52,1.48,0.33,599.26,0.963,50.1,Normal,-64.7,36.9,Normal
MTR-0098,2026-09-30 10:01:00,13.31982,101.137939,230.24,2.73,0.6,3946.97,0.951,49.95,Normal,-67.5,36.3,Normal
MTR-0099,2026-09-30 10:01:00,13.327068,101.127044,232.98,3.85,0.83,2018.68,0.929,49.93,Normal,-69.8,32.5,Normal
MTR-0100,2026-09-30 10:01:00,13.336579,101.108557,228.5,38.49,8.58,17266.23,0.975,49.94,High_Load,-61.7,32.6,Abnormal_Load
MTR-0101,2026-09-30 10:01:00,13.376416,101.008681,231.17,6.96,1.54,1716.77,0.959,50.06,Normal,-68.6,28.5,Normal
MTR-0102,2026-09-30 10:01:00,13.376957,101.027775,232.37,3.42,0.77,3893.1,0.965,49.99,Normal,-73.5,32.3,Normal
MTR-0103,2026-09-30 10:01:00,13.34464,101.031051,230.74,3.18,0.71,4618.85,0.974,50.03,Normal,-65.6,37.7,Normal
MTR-0104,2026-09-30 10:01:00,13.360121,101.006961,233.3,4.02,0.87,647.91,0.927,50.01,Normal,-62.7,33.0,Normal
MTR-0105,2026-09-30 10:01:00,13.348688,101.032002,233.95,1.93,0.43,2338.85,0.96,49.98,Normal,-58.5,35.9,Normal
MTR-0106,2026-09-30 10:01:00,13.390689,101.006956,241.19,3.28,0.77,4071.0,0.976,50.01,Normal,-57.2,37.6,Normal
MTR-0107,2026-09-30 10:01:00,13.334585,101.108651,232.57,2.26,0.48,2610.88,0.92,49.91,Normal,-60.4,35.1,Normal
MTR-0108,2026-09-30 10:01:00,13.291727,101.094322,233.73,5.74,1.32,1719.51,0.983,49.96,Normal,-62.6,36.2,Normal
MTR-0109,2026-09-30 10:01:00,13.289816,101.096096,232.79,1.89,0.43,1494.1,0.98,50.0,Normal,-61.3,29.5,Normal
MTR-0110,2026-09-30 10:01:00,13.376818,101.014961,229.67,3.0,0.69,1074.74,0.995,49.94,Normal,-61.6,32.3,Normal
MTR-0111,2026-09-30 10:01:00,13.355893,101.035718,224.2,3.75,0.8,4521.4,0.953,49.97,Normal,-62.6,39.1,Normal
MTR-0112,2026-09-30 10:01:00,13.388003,101.005748,225.64,3.66,0.79,3182.97,0.959,50.04,Normal,-70.7,34.3,Normal
MTR-0113,2026-09-30 10:01:00,13.318956,101.132524,227.07,2.45,0.54,812.85,0.97,49.99,Normal,-63.8,41.4,Normal
MTR-0114,2026-09-30 10:01:00,13.393386,101.010749,222.36,2.06,0.45,2267.28,0.973,50.04,Normal,-59.8,31.0,Normal
MTR-0115,2026-09-30 10:01:00,13.389978,101.009555,230.28,2.4,0.55,2196.75,0.989,50.0,Normal,-60.8,34.7,Normal
MTR-0116,2026-09-30 10:01:00,13.299898,101.123375,224.05,3.79,0.81,1313.29,0.959,50.04,Normal,-76.0,32.4,Normal
MTR-0117,2026-09-30 10:01:00,13.375113,101.016535,231.88,2.78,0.61,2518.69,0.95,49.99,Normal,-63.8,35.8,Normal
MTR-0118,2026-09-30 10:01:00,13.38751,101.009758,226.28,4.63,1.03,2027.51,0.986,49.99,Normal,-75.3,37.4,Normal
MTR-0119,2026-09-30 10:01:00,13.349674,101.013796,230.5,3.91,0.83,2073.6,0.917,50.04,Normal,-61.8,36.1,Normal
MTR-0120,2026-09-30 10:01:00,13.347558,101.019405,231.32,1.05,0.23,3960.39,0.942,49.99,Normal,-67.5,37.1,Normal
MTR-0121,2026-09-30 10:01:00,13.310076,101.101641,226.31,3.56,0.8,1510.53,0.99,49.99,Normal,-47.5,34.0,Normal
MTR-0122,2026-09-30 10:01:00,13.361394,101.006199,232.27,8.67,1.87,3498.91,0.929,50.02,Normal,-61.3,34.0,Normal
MTR-0123,2026-09-30 10:01:00,13.300064,101.124328,235.35,5.27,1.16,3160.64,0.932,50.04,Normal,-58.4,27.5,Normal
MTR-0124,2026-09-30 10:01:00,13.39212,101.00926,231.57,3.51,0.78,3148.47,0.955,49.98,Normal,-42.0,36.5,Normal
MTR-0125,2026-09-30 10:01:00,13.29882,101.122908,226.75,1.71,0.37,3599.3,0.957,50.02,Normal,-68.9,34.5,Normal
MTR-0126,2026-09-30 10:01:00,13.309424,101.102352,225.9,3.99,0.83,3054.84,0.924,49.95,Normal,-59.2,33.2,Normal
MTR-0127,2026-09-30 10:01:00,13.299092,101.11987,226.57,4.22,0.89,4626.5,0.936,50.03,Normal,-75.5,33.2,Normal
MTR-0128,2026-09-30 10:01:00,13.29756,101.121629,226.83,2.89,0.6,3659.04,0.919,50.0,Normal,-59.3,34.1,Normal
MTR-0129,2026-09-30 10:01:00,13.389727,101.008041,223.89,3.34,0.73,3048.11,0.971,50.01,Normal,-48.5,32.9,Normal
MTR-0130,2026-09-30 10:01:00,13.36172,101.004654,230.03,6.06,1.32,4391.43,0.948,49.93,Normal,-66.2,31.3,Normal
MTR-0131,2026-09-30 10:01:00,13.359947,101.007474,228.14,1.95,0.44,3329.22,0.996,50.01,Normal,-71.0,34.3,Normal
MTR-0132,2026-09-30 10:01:00,13.332474,101.110527,229.94,1.84,0.4,1832.96,0.952,50.04,Normal,-65.8,35.6,Normal
MTR-0133,2026-09-30 10:01:00,13.291174,101.093997,233.85,3.81,0.84,1433.74,0.941,49.99,Normal,-46.8,31.3,Normal
MTR-0134,2026-09-30 10:01:00,13.310427,101.099487,227.6,3.85,0.84,1173.6,0.953,49.96,Normal,-54.4,32.6,Normal
MTR-0135,2026-09-30 10:01:00,13.324605,101.138558,222.74,4.74,0.99,4722.45,0.94,50.06,Normal,-70.9,33.9,Normal
MTR-0136,2026-09-30 10:01:00,13.332909,101.108998,226.92,4.08,0.89,3823.18,0.961,50.01,Normal,-48.3,33.6,Normal
MTR-0137,2026-09-30 10:01:00,13.348699,101.029786,233.1,2.4,0.56,4902.57,1.0,49.95,Normal,-75.9,33.5,Normal
MTR-0138,2026-09-30 10:01:00,13.322502,101.136714,231.64,45.95,10.09,18313.61,0.948,49.97,High_Load,-44.2,36.2,Abnormal_Load
MTR-0139,2026-09-30 10:01:00,13.37785,101.029545,232.65,1.88,0.41,2698.67,0.944,49.99,Normal,-54.7,28.0,Normal
MTR-0140,2026-09-30 10:01:00,13.351962,101.013973,224.35,2.68,0.58,733.67,0.961,50.05,Normal,-46.2,28.8,Normal
MTR-0141,2026-09-30 10:01:00,13.360002,101.006498,234.74,3.51,0.81,3640.33,0.984,50.05,Normal,-78.4,34.6,Normal
MTR-0142,2026-09-30 10:01:00,13.331153,101.093411,232.95,2.42,0.52,3215.51,0.918,50.05,Normal,-62.6,32.4,Normal
MTR-0143,2026-09-30 10:01:00,13.391472,101.00612,225.07,9.37,2.02,5153.57,0.957,50.02,Normal,-64.6,36.9,Normal
MTR-0144,2026-09-30 10:01:00,13.379582,101.029203,229.69,1.34,0.29,1586.01,0.929,50.05,Normal,-72.8,37.8,Normal
MTR-0145,2026-09-30 10:01:00,13.335109,101.109442,238.92,2.36,0.55,2971.02,0.974,49.99,Normal,-73.2,34.8,Normal
MTR-0146,2026-09-30 10:01:00,13.29869,101.121206,224.16,2.0,0.42,3542.07,0.931,49.99,Normal,-56.6,30.4,Normal
MTR-0147,2026-09-30 10:01:00,13.336676,101.004738,220.44,2.16,0.43,3511.83,0.893,50.02,Normal,-56.9,37.3,Normal
MTR-0148,2026-09-30 10:01:00,13.33588,101.106084,235.55,2.08,0.47,3116.16,0.962,49.97,Normal,-52.9,35.0,Normal
MTR-0149,2026-09-30 10:01:00,13.3849,101.034764,234.84,1.56,0.35,4140.42,0.956,50.01,Normal,-68.1,29.2,Normal
MTR-0150,2026-09-30 10:01:00,13.387754,101.009596,227.36,4.19,0.89,1423.7,0.936,50.06,Normal,-62.6,29.6,Normal
MTR-0151,2026-09-30 10:01:00,13.376127,101.026556,226.12,2.5,0.53,3896.75,0.939,50.01,Normal,-78.4,39.4,Normal
MTR-0152,2026-09-30 10:01:00,13.306211,101.075246,223.65,3.19,0.66,3393.77,0.925,50.01,Normal,-48.9,39.0,Normal
MTR-0153,2026-09-30 10:01:00,13.346718,101.029122,230.56,2.52,0.57,4706.38,0.974,49.92,Normal,-64.6,24.2,Normal
MTR-0154,2026-09-30 10:01:00,13.321089,101.135184,236.7,2.04,0.46,4474.19,0.96,50.03,Normal,-57.4,29.3,Normal
MTR-0155,2026-09-30 10:01:00,13.389205,101.007059,224.93,6.76,1.4,1947.01,0.919,50.01,Normal,-57.2,37.6,Normal
MTR-0156,2026-09-30 10:01:00,13.389028,101.007735,233.0,4.46,0.98,1762.17,0.941,49.98,Normal,-49.3,33.6,Normal
MTR-0157,2026-09-30 10:01:00,13.360179,101.006106,231.44,1.34,0.3,5112.86,0.958,50.0,Normal,-70.1,36.6,Normal
MTR-0158,2026-09-30 10:01:00,13.30147,101.120517,230.72,1.26,0.29,2954.52,1.0,49.94,Normal,-56.8,33.0,Normal
MTR-0159,2026-09-30 10:01:00,13.375019,101.026161,225.47,4.76,1.03,4755.54,0.96,50.05,Normal,-64.6,37.3,Normal
MTR-0160,2026-09-30 10:01:00,13.332196,101.111037,226.35,2.34,0.49,1228.45,0.932,50.01,Normal,-44.5,33.8,Normal
MTR-0161,2026-09-30 10:01:00,13.338077,101.125124,220.17,1.36,0.28,3503.4,0.951,49.97,Normal,-69.9,32.8,Normal
MTR-0162,2026-09-30 10:01:00,13.307676,101.098084,227.22,4.97,1.03,4296.88,0.908,49.96,Normal,-51.3,37.7,Normal
MTR-0163,2026-09-30 10:01:00,13.344124,101.031176,233.41,3.39,0.77,4950.16,0.975,50.02,Normal,-60.8,34.5,Normal
MTR-0164,2026-09-30 10:01:00,13.300397,101.122871,224.51,3.51,0.79,2052.4,1.0,49.99,Normal,-62.0,37.3,Normal
MTR-0165,2026-09-30 10:01:00,13.288421,101.136128,225.34,4.03,0.9,3893.7,0.988,49.98,Normal,-62.5,34.7,Normal
MTR-0166,2026-09-30 10:01:00,13.359921,101.006189,233.3,1.71,0.39,3009.38,0.966,50.02,Normal,-52.4,31.8,Normal
MTR-0167,2026-09-30 10:01:00,13.332362,101.107451,230.16,1.53,0.33,738.0,0.936,49.95,Normal,-59.0,40.4,Normal
MTR-0168,2026-09-30 10:01:00,13.392406,101.007061,232.21,6.16,1.32,3727.55,0.921,49.96,Normal,-77.5,35.3,Normal
MTR-0169,2026-09-30 10:01:00,13.378458,101.026928,222.54,1.63,0.33,3727.97,0.913,50.05,Normal,-51.2,32.6,Normal
MTR-0170,2026-09-30 10:01:00,13.289913,101.097635,244.17,1.71,0.37,4870.4,0.886,49.99,Normal,-51.0,39.0,Normal
MTR-0171,2026-09-30 10:01:00,13.31744,101.132608,223.88,2.01,0.44,2812.25,0.977,49.99,Normal,-56.8,29.1,Normal
MTR-0172,2026-09-30 10:01:00,13.308644,101.102228,229.33,8.04,1.74,1543.76,0.946,49.98,Normal,-72.1,41.6,Normal
MTR-0173,2026-09-30 10:01:00,13.3493,101.015537,230.36,3.75,0.84,661.71,0.974,50.04,Normal,-73.0,33.5,Normal
MTR-0174,2026-09-30 10:01:00,13.323179,101.140504,225.48,4.98,1.1,2424.35,0.984,50.09,Normal,-78.6,29.1,Normal
MTR-0175,2026-09-30 10:01:00,13.33253,101.108968,225.37,3.12,0.66,1884.13,0.944,50.03,Normal,-56.3,41.4,Normal
MTR-0176,2026-09-30 10:01:00,13.313337,101.0764,229.68,2.44,0.53,4065.19,0.953,49.96,Normal,-75.2,32.6,Normal
MTR-0177,2026-09-30 10:01:00,13.301656,101.124399,224.61,3.74,0.78,2132.8,0.932,50.02,Normal,-78.4,34.2,Normal
MTR-0178,2026-09-30 10:01:00,13.380189,101.028446,234.41,1.53,0.34,4958.1,0.95,50.0,Normal,-51.0,36.4,Normal
MTR-0179,2026-09-30 10:01:00,13.376016,101.005768,228.05,1.72,0.38,5020.99,0.969,49.95,Normal,-54.7,38.1,Normal
MTR-0180,2026-09-30 10:01:00,13.332121,101.109507,219.52,4.02,0.83,3399.35,0.942,50.02,Normal,-68.9,35.1,Normal
MTR-0181,2026-09-30 10:01:00,13.283214,101.124748,220.11,1.7,0.35,4861.15,0.943,50.03,Normal,-64.0,31.6,Normal
MTR-0182,2026-09-30 10:01:00,13.345471,101.030504,232.71,2.76,0.61,4064.09,0.952,50.01,Normal,-84.1,34.7,Normal
MTR-0183,2026-09-30 10:01:00,13.34559,101.009291,223.7,2.72,0.59,3047.6,0.969,50.06,Normal,-54.2,32.7,Normal
MTR-0184,2026-09-30 10:01:00,13.348902,101.027981,232.19,2.26,0.49,1306.48,0.932,49.99,Normal,-66.9,35.4,Normal
MTR-0185,2026-09-30 10:01:00,13.307481,101.09972,230.61,1.22,0.27,2628.35,0.951,50.03,Normal,-58.6,40.0,Normal
MTR-0186,2026-09-30 10:01:00,13.357945,101.006452,225.24,2.17,0.47,3114.17,0.962,50.05,Normal,-85.6,36.1,Normal
MTR-0187,2026-09-30 10:01:00,13.374198,101.023289,233.13,1.94,0.44,4553.84,0.973,50.0,Normal,-54.6,34.8,Normal
MTR-0188,2026-09-30 10:01:00,13.380024,101.030651,219.68,3.46,0.71,2736.36,0.94,49.99,Normal,-69.0,36.4,Normal
MTR-0189,2026-09-30 10:01:00,13.287244,101.096006,230.94,3.23,0.69,4713.98,0.923,49.95,Normal,-73.7,36.4,Normal
MTR-0190,2026-09-30 10:01:00,13.378585,101.026014,231.13,3.33,0.72,3653.19,0.94,49.99,Normal,-67.0,31.0,Normal
MTR-0191,2026-09-30 10:01:00,13.318051,101.136934,228.41,60.05,12.88,18934.55,0.939,49.99,High_Load,-67.1,34.0,Abnormal_Load
MTR-0192,2026-09-30 10:01:00,13.335406,101.108503,222.9,4.1,0.91,5176.2,1.0,49.98,Normal,-52.7,43.4,Normal
MTR-0193,2026-09-30 10:01:00,13.309466,101.099637,223.72,1.56,0.32,2954.37,0.912,49.95,Normal,-66.0,38.8,Normal
MTR-0194,2026-09-30 10:01:00,13.289261,101.134962,236.19,1.36,0.3,2311.34,0.925,50.01,Normal,-50.1,32.3,Normal
MTR-0195,2026-09-30 10:01:00,13.346968,101.030099,233.08,1.06,0.23,3580.8,0.947,50.0,Normal,-60.9,32.1,Normal
MTR-0196,2026-09-30 10:01:00,13.299079,101.122301,233.51,2.55,0.57,967.26,0.949,50.03,Normal,-50.9,31.5,Normal
MTR-0197,2026-09-30 10:01:00,13.2927,101.094556,233.33,2.14,0.49,3473.58,0.982,49.99,Normal,-62.7,37.1,Normal
MTR-0198,2026-09-30 10:01:00,13.322411,101.136944,232.3,4.59,0.99,2816.66,0.925,49.94,Normal,-52.5,39.7,Normal
MTR-0199,2026-09-30 10:01:00,13.360171,101.004449,227.51,2.42,0.51,2381.72,0.926,50.0,Normal,-73.1,36.4,Normal
MTR-0200,2026-09-30 10:01:00,13.349326,101.016172,229.85,3.5,0.77,4976.88,0.951,50.01,Normal,-64.7,34.5,Normal
MTR-0201,2026-09-30 10:01:00,13.358013,101.006127,220.43,4.66,0.98,2932.1,0.957,49.98,Normal,-66.6,32.2,Normal
MTR-0202,2026-09-30 10:01:00,13.38124,101.026436,228.6,2.12,0.47,1490.83,0.975,50.0,Normal,-50.3,35.2,Normal
MTR-0203,2026-09-30 10:01:00,13.357519,101.005204,234.63,3.41,0.76,2630.11,0.95,49.97,Normal,-50.5,31.3,Normal
MTR-0204,2026-09-30 10:01:00,13.391741,101.007739,225.82,4.45,0.97,4817.13,0.962,50.0,Normal,-62.1,27.4,Normal
MTR-0205,2026-09-30 10:01:00,13.332679,101.111925,235.45,55.05,11.67,24496.25,0.9,50.08,High_Load,-72.6,39.2,Abnormal_Load
MTR-0206,2026-09-30 10:01:00,13.389179,101.010806,228.11,35.56,7.8,13800.91,0.961,49.96,High_Load,-59.0,30.9,Abnormal_Load
MTR-0207,2026-09-30 10:01:00,13.377235,101.030435,222.75,2.35,0.48,511.91,0.924,49.98,Normal,-77.4,32.4,Normal
MTR-0208,2026-09-30 10:01:00,13.347712,101.002257,225.32,1.72,0.38,517.42,0.975,49.96,Normal,-48.9,35.9,Normal
MTR-0209,2026-09-30 10:01:00,13.378079,101.025559,231.95,1.57,0.34,4389.62,0.927,49.97,Normal,-66.0,39.2,Normal
MTR-0210,2026-09-30 10:01:00,13.323205,101.135682,229.88,1.67,0.35,3927.59,0.923,50.01,Normal,-63.1,34.9,Normal
MTR-0211,2026-09-30 10:01:00,13.349235,101.029068,228.62,2.98,0.64,2136.48,0.938,50.04,Normal,-68.1,30.4,Normal
MTR-0212,2026-09-30 10:01:00,13.30299,101.12169,227.88,1.45,0.33,3766.99,0.994,50.03,Normal,-71.5,33.0,Normal
MTR-0213,2026-09-30 10:01:00,13.32113,101.134366,231.14,2.42,0.54,2327.25,0.959,50.0,Normal,-55.0,31.4,Normal
MTR-0214,2026-09-30 10:01:00,13.288509,101.095436,231.36,4.28,0.93,4976.3,0.944,49.98,Normal,-65.2,33.6,Normal
MTR-0215,2026-09-30 10:01:00,13.377974,101.026973,235.8,3.85,0.86,5043.54,0.95,49.96,Normal,-66.1,38.8,Normal
MTR-0216,2026-09-30 10:01:00,13.347177,101.027866,236.28,2.55,0.57,2315.79,0.944,50.01,Normal,-72.3,25.1,Normal
MTR-0217,2026-09-30 10:01:00,13.354891,101.008585,231.15,6.28,1.35,4507.61,0.932,50.02,Normal,-58.7,32.7,Normal
MTR-0218,2026-09-30 10:01:00,13.285037,101.084917,228.47,7.59,1.59,4122.24,0.917,50.05,Normal,-52.6,32.2,Normal
MTR-0219,2026-09-30 10:01:00,13.377036,101.027297,229.91,3.16,0.72,1922.53,0.988,50.02,Normal,-63.7,29.9,Normal
MTR-0220,2026-09-30 10:01:00,13.378369,101.033196,230.81,1.06,0.23,1552.2,0.955,49.94,Normal,-51.7,36.5,Normal
MTR-0221,2026-09-30 10:01:00,13.324611,101.090931,231.5,4.81,1.11,2626.66,0.995,49.97,Normal,-63.7,29.0,Normal
MTR-0222,2026-09-30 10:01:00,13.346243,101.030011,237.47,1.04,0.24,4161.42,0.974,50.05,Normal,-53.9,29.2,Normal
MTR-0223,2026-09-30 10:01:00,13.309985,101.097302,239.34,5.72,1.32,5010.86,0.965,50.01,Normal,-79.8,37.3,Normal
MTR-0224,2026-09-30 10:01:00,13.387937,101.004873,227.19,5.21,1.11,4077.05,0.94,50.03,Normal,-61.2,39.6,Normal
MTR-0225,2026-09-30 10:01:00,13.32423,101.139012,239.78,6.69,1.48,4512.29,0.925,49.97,Normal,-65.1,34.4,Normal
MTR-0226,2026-09-30 10:01:00,13.391135,101.007441,235.86,3.25,0.74,3314.59,0.961,49.96,Normal,-61.8,29.6,Normal
MTR-0227,2026-09-30 10:01:00,13.307368,101.138861,229.37,2.59,0.54,4418.21,0.915,50.0,Normal,-64.7,31.3,Normal
MTR-0228,2026-09-30 10:01:00,13.35155,101.015301,236.93,2.54,0.58,4176.02,0.964,50.01,Normal,-61.2,37.8,Normal
MTR-0229,2026-09-30 10:01:00,13.377314,101.025917,235.39,2.33,0.54,2240.7,0.985,49.97,Normal,-57.0,33.9,Normal
MTR-0230,2026-09-30 10:01:00,13.29286,101.094801,226.5,4.69,1.0,3071.99,0.937,50.01,Normal,-68.0,33.2,Normal
MTR-0231,2026-09-30 10:01:00,13.309596,101.100111,237.1,3.83,0.89,4272.62,0.975,50.0,Normal,-57.9,35.9,Normal
MTR-0232,2026-09-30 10:01:00,13.335494,101.107883,235.06,3.34,0.73,668.8,0.931,50.01,Normal,-49.9,34.2,Normal
MTR-0233,2026-09-30 10:01:00,13.303556,101.09892,237.61,2.14,0.48,4288.4,0.939,50.07,Normal,-78.1,40.1,Normal
MTR-0234,2026-09-30 10:01:00,13.298097,101.142394,226.96,10.31,2.18,1295.06,0.932,50.05,Normal,-70.9,31.4,Normal
MTR-0235,2026-09-30 10:01:00,13.365975,101.022808,226.76,4.74,0.97,2894.79,0.9,49.98,Normal,-70.0,31.6,Normal
MTR-0236,2026-09-30 10:01:00,13.376695,101.027546,218.67,1.45,0.3,4289.32,0.948,49.93,Normal,-72.9,28.8,Normal
MTR-0237,2026-09-30 10:01:00,13.376589,101.002193,232.07,2.48,0.54,1655.67,0.946,49.99,Normal,-66.0,32.8,Normal
MTR-0238,2026-09-30 10:01:00,13.350756,101.020064,231.28,4.48,1.01,1617.63,0.974,50.0,Normal,-50.6,30.4,Normal
MTR-0239,2026-09-30 10:01:00,13.377436,101.031527,226.95,2.07,0.46,2363.15,0.975,49.99,Normal,-52.6,35.0,Normal
MTR-0240,2026-09-30 10:01:00,13.348305,101.030019,229.23,3.36,0.75,4699.58,0.978,50.05,Normal,-60.2,33.9,Normal
MTR-0241,2026-09-30 10:01:00,13.359054,101.005814,221.86,4.33,0.89,452.14,0.925,50.0,Normal,-66.5,29.9,Normal
MTR-0242,2026-09-30 10:01:00,13.310095,101.099891,233.18,0.68,0.15,4731.58,0.964,50.0,Normal,-55.3,36.1,Normal
MTR-0243,2026-09-30 10:01:00,13.353417,101.045971,226.71,2.63,0.58,1180.6,0.979,49.97,Normal,-83.6,39.2,Normal
MTR-0244,2026-09-30 10:01:00,13.377988,101.02935,241.49,2.83,0.66,5152.94,0.959,49.97,Normal,-72.9,35.8,Normal
MTR-0245,2026-09-30 10:01:00,13.355919,101.005102,228.37,2.51,0.57,4985.54,0.998,49.94,Normal,-84.0,25.7,Normal
MTR-0246,2026-09-30 10:01:00,13.335109,101.108665,225.83,3.5,0.79,2799.74,0.994,49.96,Normal,-75.3,41.1,Normal
MTR-0247,2026-09-30 10:01:00,13.387038,101.004093,226.43,3.85,0.82,2885.45,0.941,50.09,Normal,-68.1,36.2,Normal
MTR-0248,2026-09-30 10:01:00,13.375093,101.028803,223.8,3.19,0.67,2737.39,0.933,49.96,Normal,-49.0,41.0,Normal
MTR-0249,2026-09-30 10:01:00,13.312355,101.100681,230.83,2.58,0.56,3468.38,0.935,49.94,Normal,-84.2,37.6,Normal
MTR-0250,2026-09-30 10:01:00,13.346931,101.028898,228.85,3.93,0.83,880.96,0.921,50.08,Normal,-64.1,37.5,Normal
MTR-0251,2026-09-30 10:01:00,13.352528,101.015825,233.16,3.0,0.65,604.97,0.928,50.0,Normal,-56.1,34.9,Normal
MTR-0252,2026-09-30 10:01:00,13.309989,101.103115,228.68,2.77,0.62,724.12,0.983,49.99,Normal,-58.7,32.8,Normal
MTR-0253,2026-09-30 10:01:00,13.345728,101.02014,236.8,1.79,0.38,2560.76,0.894,50.02,Normal,-47.8,35.3,Normal
MTR-0254,2026-09-30 10:01:00,13.357473,101.014131,230.48,1.42,0.3,1758.86,0.925,49.98,Normal,-62.3,32.2,Normal
MTR-0255,2026-09-30 10:01:00,13.359694,101.007138,229.6,1.65,0.36,3404.7,0.95,50.04,Normal,-59.3,35.6,Normal
MTR-0256,2026-09-30 10:01:00,13.378463,101.029141,237.93,3.2,0.71,5164.13,0.933,50.0,Normal,-78.4,25.2,Normal
MTR-0257,2026-09-30 10:01:00,13.359263,101.004347,234.96,3.04,0.67,2285.07,0.942,50.03,Normal,-71.7,34.4,Normal
MTR-0258,2026-09-30 10:01:00,13.377556,101.025421,243.72,1.59,0.36,3175.76,0.932,49.97,Normal,-79.6,39.2,Normal
MTR-0259,2026-09-30 10:01:00,13.332824,101.10737,224.7,4.05,0.86,2424.16,0.942,50.04,Normal,-59.4,34.0,Normal
MTR-0260,2026-09-30 10:01:00,13.310751,101.094676,228.08,5.95,1.26,4474.59,0.931,50.0,Normal,-58.0,39.9,Normal
MTR-0261,2026-09-30 10:01:00,13.33598,101.019283,237.17,2.29,0.51,4735.64,0.936,50.03,Normal,-62.3,32.5,Normal
MTR-0262,2026-09-30 10:01:00,13.390976,101.009447,220.85,1.26,0.27,4617.45,0.978,49.98,Normal,-71.3,38.4,Normal
MTR-0263,2026-09-30 10:01:00,13.346911,101.02962,236.68,2.12,0.49,5078.29,0.976,49.95,Normal,-71.8,31.0,Normal
MTR-0264,2026-09-30 10:01:00,13.312241,101.100321,230.9,4.49,0.94,580.76,0.91,50.04,Normal,-61.7,36.9,Normal
MTR-0265,2026-09-30 10:01:00,13.311911,101.101868,224.49,3.84,0.76,4439.16,0.879,49.94,Normal,-67.6,35.0,Normal
MTR-0266,2026-09-30 10:01:00,13.344338,101.120894,223.51,1.84,0.4,4020.94,0.97,49.95,Normal,-71.2,32.8,Normal
MTR-0267,2026-09-30 10:01:00,13.30196,101.120575,225.59,6.12,1.28,1536.35,0.924,50.01,Normal,-68.8,24.9,Normal
MTR-0268,2026-09-30 10:01:00,13.352701,101.018123,218.75,5.46,1.14,4992.57,0.951,50.0,Normal,-73.2,33.9,Normal
MTR-0269,2026-09-30 10:01:00,13.339386,101.017415,226.18,2.09,0.43,1153.87,0.911,49.99,Normal,-70.8,34.5,Normal
MTR-0270,2026-09-30 10:01:00,13.309957,101.095518,233.83,2.15,0.49,3677.88,0.978,50.02,Normal,-72.0,37.0,Normal
MTR-0271,2026-09-30 10:01:00,13.312643,101.100096,225.8,2.17,0.49,1518.25,0.994,50.03,Normal,-58.7,39.6,Normal
MTR-0272,2026-09-30 10:01:00,13.310165,101.097806,233.52,2.25,0.5,2499.08,0.946,50.05,Normal,-46.8,41.2,Normal
MTR-0273,2026-09-30 10:01:00,13.308628,101.095989,237.69,4.77,1.07,3866.05,0.943,49.98,Normal,-66.7,38.9,Normal
MTR-0274,2026-09-30 10:01:00,13.324541,101.134859,236.25,3.78,0.84,3125.82,0.941,50.05,Normal,-60.1,32.3,Normal
MTR-0275,2026-09-30 10:01:00,13.346784,101.028646,230.92,4.31,0.96,2480.67,0.962,50.0,Normal,-59.7,32.7,Normal
MTR-0276,2026-09-30 10:01:00,13.325147,101.135076,217.96,4.15,0.88,2000.15,0.972,50.05,Normal,-58.7,36.2,Normal
MTR-0277,2026-09-30 10:01:00,13.291538,101.09504,222.69,6.22,1.35,4438.44,0.974,50.01,Normal,-68.8,36.3,Normal
MTR-0278,2026-09-30 10:01:00,13.309081,101.101572,229.66,1.77,0.38,1133.14,0.931,49.99,Normal,-44.9,39.0,Normal
MTR-0279,2026-09-30 10:01:00,13.322685,101.135506,223.21,3.62,0.77,2493.02,0.953,49.99,Normal,-70.2,42.3,Normal
MTR-0280,2026-09-30 10:01:00,13.290295,101.092905,230.62,1.15,0.25,4742.86,0.937,50.04,Normal,-56.3,41.4,Normal
MTR-0281,2026-09-30 10:01:00,13.309837,101.100165,239.2,1.6,0.36,4467.81,0.928,49.98,Normal,-60.0,39.2,Normal
MTR-0282,2026-09-30 10:01:00,13.298691,101.123392,220.01,2.92,0.62,2354.5,0.958,50.04,Normal,-82.4,35.4,Normal
MTR-0283,2026-09-30 10:01:00,13.289721,101.097117,236.2,3.87,0.85,4074.8,0.927,50.03,Normal,-65.5,39.2,Normal
MTR-0284,2026-09-30 10:01:00,13.359202,101.004966,231.96,2.72,0.62,4360.04,0.977,50.02,Normal,-62.0,40.4,Normal
MTR-0285,2026-09-30 10:01:00,13.343972,101.004207,228.64,2.23,0.48,4672.24,0.933,49.98,Normal,-61.9,33.7,Normal
MTR-0286,2026-09-30 10:01:00,13.290608,101.094067,225.25,2.7,0.58,3036.42,0.958,49.97,Normal,-61.6,32.9,Normal
MTR-0287,2026-09-30 10:01:00,13.352962,101.018944,224.34,5.47,1.15,1421.24,0.939,49.96,Normal,-56.2,31.0,Normal
MTR-0288,2026-09-30 10:01:00,13.378201,101.026632,221.2,42.2,8.54,9226.98,0.915,50.04,High_Load,-63.9,30.9,Abnormal_Load
MTR-0289,2026-09-30 10:01:00,13.288641,101.097088,236.55,6.32,1.4,1854.61,0.938,49.99,Normal,-59.4,30.0,Normal
MTR-0290,2026-09-30 10:01:00,13.378794,101.02772,234.33,4.37,0.94,3270.6,0.919,49.92,Normal,-63.0,34.1,Normal
MTR-0291,2026-09-30 10:01:00,13.324002,101.1377,222.12,3.55,0.75,605.88,0.956,50.03,Normal,-73.8,30.3,Normal
MTR-0292,2026-09-30 10:01:00,13.33433,101.109957,224.98,1.87,0.4,3471.22,0.947,50.04,Normal,-60.9,31.5,Normal
MTR-0293,2026-09-30 10:01:00,13.3089,101.099207,229.87,4.69,1.02,2180.72,0.944,49.96,Normal,-55.4,36.8,Normal
MTR-0294,2026-09-30 10:01:00,13.358413,101.004652,228.46,2.41,0.52,1852.42,0.94,50.04,Normal,-54.0,34.5,Normal
MTR-0295,2026-09-30 10:01:00,13.29947,101.120254,220.61,1.69,0.34,4627.62,0.924,49.96,Normal,-55.8,34.8,Normal
MTR-0296,2026-09-30 10:01:00,13.289911,101.095007,225.65,3.84,0.84,2635.05,0.971,50.01,Normal,-50.0,38.3,Normal
MTR-0297,2026-09-30 10:01:00,13.299027,101.124523,240.0,1.7,0.39,901.52,0.967,49.97,Normal,-58.0,36.8,Normal
MTR-0298,2026-09-30 10:01:00,13.299661,101.122173,225.96,2.29,0.48,4377.07,0.937,49.99,Normal,-55.6,38.4,Normal
MTR-0299,2026-09-30 10:01:00,13.323492,101.141435,229.2,3.16,0.69,676.33,0.948,50.03,Normal,-53.6,34.1,Normal
MTR-0300,2026-09-30 10:01:00,13.363445,101.02093,226.04,8.47,1.88,3902.14,0.98,50.02,Normal,-63.3,39.7,Normal
MTR-0001,2026-09-30 10:02:00,13.321586,101.133228,235.05,3.71,0.81,1827.43,0.931,49.99,Normal,-49.6,36.7,Normal
MTR-0002,2026-09-30 10:02:00,13.325157,101.13744,231.05,3.35,0.72,3125.68,0.936,50.01,Normal,-69.3,31.2,Normal
MTR-0003,2026-09-30 10:02:00,13.385169,101.032607,232.39,2.18,0.49,1019.82,0.965,50.01,Normal,-68.6,35.3,Normal
MTR-0004,2026-09-30 10:02:00,13.345857,101.031082,237.18,1.61,0.35,4804.79,0.918,49.98,Normal,-66.4,35.9,Normal
MTR-0005,2026-09-30 10:02:00,13.311326,101.100224,234.49,5.74,1.28,3873.22,0.949,50.03,Normal,-61.9,37.6,Normal
MTR-0006,2026-09-30 10:02:00,13.375672,101.027817,233.32,1.57,0.36,2356.89,0.984,50.01,Normal,-64.7,37.5,Normal
MTR-0007,2026-09-30 10:02:00,13.321649,101.131883,231.58,3.86,0.84,1203.53,0.942,49.98,Normal,-69.9,37.6,Normal
MTR-0008,2026-09-30 10:02:00,13.299997,101.120436,227.52,1.2,0.27,4639.48,0.972,50.04,Normal,-73.0,33.0,Normal
MTR-0009,2026-09-30 10:02:00,13.321307,101.133288,229.76,3.84,0.84,4363.02,0.948,49.98,Normal,-55.6,32.9,Normal
MTR-0010,2026-09-30 10:02:00,13.345983,101.030632,224.47,4.63,0.96,3878.26,0.923,50.05,Normal,-51.8,32.8,Normal
MTR-0011,2026-09-30 10:02:00,13.359555,101.004516,220.02,5.28,1.09,1739.94,0.938,50.06,Normal,-49.8,34.4,Normal
MTR-0012,2026-09-30 10:02:00,13.397533,101.010324,225.1,2.88,0.61,2361.67,0.942,50.02,Normal,-66.3,28.3,Normal
MTR-0013,2026-09-30 10:02:00,13.390526,101.007937,231.13,69.08,15.31,15053.32,0.959,50.0,High_Load,-54.0,38.7,Abnormal_Load
MTR-0014,2026-09-30 10:02:00,13.331895,101.108595,226.3,8.72,1.87,1348.1,0.949,50.01,Normal,-59.6,34.0,Normal
MTR-0015,2026-09-30 10:02:00,13.348485,101.029246,227.25,36.16,7.4,19809.25,0.901,49.99,High_Load,-67.4,32.7,Abnormal_Load
MTR-0016,2026-09-30 10:02:00,13.290696,101.095579,227.35,58.57,12.53,26621.21,0.941,50.0,High_Load,-57.3,25.3,Abnormal_Load
MTR-0017,2026-09-30 10:02:00,13.379457,101.023388,235.06,3.29,0.69,3269.12,0.892,49.98,Normal,-66.5,33.0,Normal
MTR-0018,2026-09-30 10:02:00,13.391498,101.009706,226.55,2.57,0.56,4704.74,0.96,50.01,Normal,-64.4,33.1,Normal
MTR-0019,2026-09-30 10:02:00,13.323387,101.136134,237.2,2.14,0.46,3220.56,0.913,50.0,Normal,-76.7,30.2,Normal
MTR-0020,2026-09-30 10:02:00,13.356917,101.003851,215.25,2.49,0.51,2668.14,0.955,50.0,Normal,-68.7,30.8,Normal
MTR-0021,2026-09-30 10:02:00,13.291978,101.097794,236.12,6.29,1.4,2066.88,0.94,49.99,Normal,-60.9,34.5,Normal
MTR-0022,2026-09-30 10:02:00,13.321117,101.138478,237.01,4.58,1.06,4917.21,0.978,49.97,Normal,-48.4,33.2,Normal
MTR-0023,2026-09-30 10:02:00,13.380831,101.029596,235.19,2.4,0.53,842.94,0.938,50.05,Normal,-67.8,36.1,Normal
MTR-0024,2026-09-30 10:02:00,13.309089,101.1446,218.19,0.92,0.19,4871.74,0.959,49.97,Normal,-74.0,31.4,Normal
MTR-0025,2026-09-30 10:02:00,13.359953,101.007159,234.22,1.48,0.34,4376.91,0.975,49.99,Normal,-50.1,34.0,Normal
MTR-0026,2026-09-30 10:02:00,13.360794,101.006595,229.62,3.67,0.83,1067.24,0.979,50.01,Normal,-67.5,38.9,Normal
MTR-0027,2026-09-30 10:02:00,13.377603,101.027523,216.37,1.14,0.23,3133.7,0.95,50.03,Normal,-78.3,33.8,Normal
MTR-0028,2026-09-30 10:02:00,13.337603,101.083577,235.39,43.73,9.54,18641.23,0.927,50.02,High_Load,-60.8,35.0,Abnormal_Load
MTR-0029,2026-09-30 10:02:00,13.361236,101.004001,235.87,1.88,0.42,3166.13,0.952,49.99,Normal,-64.4,35.8,Normal
MTR-0030,2026-09-30 10:02:00,13.333614,101.107908,219.39,3.2,0.65,4759.26,0.923,49.96,Normal,-43.1,34.2,Normal
MTR-0031,2026-09-30 10:02:00,13.35782,101.005237,229.06,3.23,0.7,4929.23,0.943,49.96,Normal,-58.8,33.7,Normal
MTR-0032,2026-09-30 10:02:00,13.322493,101.133079,238.23,3.24,0.68,2456.39,0.887,49.97,Normal,-63.7,32.1,Normal
MTR-0033,2026-09-30 10:02:00,13.386509,101.004756,234.04,2.61,0.57,2242.28,0.931,49.96,Normal,-69.2,34.9,Normal
MTR-0034,2026-09-30 10:02:00,13.311095,101.100439,234.22,2.66,0.57,4897.57,0.913,49.99,Normal,-59.5,32.8,Normal
MTR-0035,2026-09-30 10:02:00,13.286745,101.09589,215.9,2.13,0.45,3656.96,0.972,50.04,Normal,-52.6,39.8,Normal
MTR-0036,2026-09-30 10:02:00,13.366725,101.043929,232.84,3.56,0.8,1001.17,0.963,50.0,Normal,-58.3,37.5,Normal
MTR-0037,2026-09-30 10:02:00,13.3544,101.017751,229.03,4.25,0.93,650.97,0.957,49.96,Normal,-72.0,28.4,Normal
MTR-0038,2026-09-30 10:02:00,13.294571,101.095675,235.31,1.61,0.35,3132.01,0.928,50.01,Normal,-56.6,29.6,Normal
MTR-0039,2026-09-30 10:02:00,13.322507,101.138412,230.73,2.91,0.64,4868.37,0.95,49.99,Normal,-62.1,33.4,Normal
MTR-0040,2026-09-30 10:02:00,13.290459,101.144286,228.76,3.31,0.7,4460.24,0.919,49.98,Normal,-59.9,32.4,Normal
MTR-0041,2026-09-30 10:02:00,13.346154,101.028225,232.31,3.23,0.71,3660.34,0.952,50.04,Normal,-65.0,32.6,Normal
MTR-0042,2026-09-30 10:02:00,13.357013,101.005608,226.62,3.25,0.71,1110.86,0.969,50.01,Normal,-66.2,35.9,Normal
MTR-0043,2026-09-30 10:02:00,13.336515,101.109555,228.29,64.05,13.69,15837.68,0.936,50.03,High_Load,-65.2,34.4,Abnormal_Load
MTR-0044,2026-09-30 10:02:00,13.322508,101.134124,226.49,3.59,0.75,4608.74,0.922,50.07,Normal,-52.9,34.7,Normal
MTR-0045,2026-09-30 10:02:00,13.351336,101.018107,221.37,3.84,0.82,1318.4,0.967,50.04,Normal,-65.6,39.3,Normal
MTR-0046,2026-09-30 10:02:00,13.2984,101.122502,231.92,3.3,0.73,1772.65,0.954,50.06,Normal,-67.3,28.8,Normal
MTR-0047,2026-09-30 10:02:00,13.306399,101.103196,224.88,3.55,0.74,1065.66,0.923,50.01,Normal,-73.6,34.3,Normal
MTR-0048,2026-09-30 10:02:00,13.313413,101.102975,229.06,48.84,10.27,8908.88,0.918,50.04,High_Load,-59.7,31.9,Abnormal_Load
MTR-0049,2026-09-30 10:02:00,13.302335,101.121506,231.26,1.27,0.27,4933.94,0.922,50.0,Normal,-60.0,38.6,Normal
MTR-0050,2026-09-30 10:02:00,13.334788,101.108951,218.86,4.42,0.91,1727.68,0.945,50.0,Normal,-67.2,26.0,Normal
MTR-0051,2026-09-30 10:02:00,13.357349,101.008621,221.27,3.55,0.76,2708.24,0.973,50.01,Normal,-69.6,27.0,Normal
MTR-0052,2026-09-30 10:02:00,13.362144,101.038293,227.88,1.8,0.39,3463.15,0.945,50.01,Normal,-44.6,35.3,Normal
MTR-0053,2026-09-30 10:02:00,13.322484,101.135798,229.91,4.13,0.94,5197.54,0.993,50.02,Normal,-82.7,37.9,Normal
MTR-0054,2026-09-30 10:02:00,13.323289,101.12588,231.69,2.71,0.61,947.9,0.974,49.98,Normal,-59.7,36.3,Normal
MTR-0055,2026-09-30 10:02:00,13.28931,101.097822,217.52,2.71,0.56,2818.25,0.955,50.02,Normal,-51.7,31.2,Normal
MTR-0056,2026-09-30 10:02:00,13.29991,101.121088,231.9,2.49,0.54,2279.36,0.934,50.01,Normal,-92.7,38.7,Normal
MTR-0057,2026-09-30 10:02:00,13.351834,101.019129,228.24,3.33,0.71,4562.71,0.938,50.02,Normal,-55.9,29.7,Normal
MTR-0058,2026-09-30 10:02:00,13.289929,101.092811,223.58,2.05,0.42,2710.89,0.919,50.08,Normal,-62.9,38.9,Normal
MTR-0059,2026-09-30 10:02:00,13.344212,101.018391,225.61,4.2,0.84,977.21,0.888,49.98,Normal,-61.3,29.7,Normal
MTR-0060,2026-09-30 10:02:00,13.288829,101.09419,232.29,2.85,0.65,3463.56,0.98,50.04,Normal,-65.5,33.1,Normal
MTR-0061,2026-09-30 10:02:00,13.362203,101.003421,230.24,2.52,0.54,4111.25,0.933,50.01,Normal,-54.9,36.6,Normal
MTR-0062,2026-09-30 10:02:00,13.319023,101.132915,228.98,4.32,0.91,463.77,0.924,50.08,Normal,-58.8,28.6,Normal
MTR-0063,2026-09-30 10:02:00,13.310496,101.099875,230.27,2.7,0.59,4530.08,0.953,49.98,Normal,-62.8,38.8,Normal
MTR-0064,2026-09-30 10:02:00,13.293899,101.146502,234.09,4.38,0.99,1333.69,0.963,50.03,Normal,-71.3,32.5,Normal
MTR-0065,2026-09-30 10:02:00,13.307933,101.101041,228.56,4.98,1.07,3072.41,0.937,49.95,Normal,-47.6,34.9,Normal
MTR-0066,2026-09-30 10:02:00,13.287745,101.097986,229.28,1.54,0.33,2425.06,0.941,50.01,Normal,-64.3,37.3,Normal
MTR-0067,2026-09-30 10:02:00,13.322273,101.133229,238.37,4.72,1.08,3868.45,0.964,50.02,Normal,-43.0,31.4,Normal
MTR-0068,2026-09-30 10:02:00,13.28815,101.093612,224.61,1.67,0.35,2213.04,0.944,50.01,Normal,-45.4,37.7,Normal
MTR-0069,2026-09-30 10:02:00,13.35896,101.009334,231.34,5.03,1.12,4581.48,0.962,49.95,Normal,-79.9,40.0,Normal
MTR-0070,2026-09-30 10:02:00,13.360254,101.005688,225.74,7.21,1.47,3919.99,0.902,50.02,Normal,-66.7,32.8,Normal
MTR-0071,2026-09-30 10:02:00,13.323086,101.131428,227.31,4.19,0.88,3526.72,0.921,50.01,Normal,-70.7,38.8,Normal
MTR-0072,2026-09-30 10:02:00,13.31706,101.146432,227.16,1.14,0.25,4232.16,0.963,49.96,Normal,-65.8,27.6,Normal
MTR-0073,2026-09-30 10:02:00,13.299399,101.121642,227.99,4.93,1.02,4031.69,0.91,50.01,Normal,-63.8,34.4,Normal
MTR-0074,2026-09-30 10:02:00,13.319511,101.100179,235.48,8.82,2.0,620.87,0.965,50.03,Normal,-61.7,29.7,Normal
MTR-0075,2026-09-30 10:02:00,13.323861,101.13554,230.23,2.43,0.53,2325.03,0.943,49.96,Normal,-56.6,36.6,Normal
MTR-0076,2026-09-30 10:02:00,13.378287,101.025252,223.12,2.9,0.61,4871.38,0.946,50.0,Normal,-49.5,36.6,Normal
MTR-0077,2026-09-30 10:02:00,13.329109,101.100251,232.26,1.87,0.41,1047.23,0.936,49.94,Normal,-55.7,41.3,Normal
MTR-0078,2026-09-30 10:02:00,13.377665,101.027908,240.39,3.54,0.83,3951.28,0.98,49.99,Normal,-70.0,38.6,Normal
MTR-0079,2026-09-30 10:02:00,13.289096,101.09515,231.15,5.3,1.21,5079.41,0.99,50.04,Normal,-70.7,32.8,Normal
MTR-0080,2026-09-30 10:02:00,13.377263,101.027147,219.46,44.52,8.99,23478.87,0.92,50.0,High_Load,-61.2,30.5,Abnormal_Load
MTR-0081,2026-09-30 10:02:00,13.31794,101.134112,227.41,12.39,2.69,3690.64,0.954,50.04,Normal,-61.0,36.7,Normal
MTR-0082,2026-09-30 10:02:00,13.346062,101.029546,230.82,2.9,0.62,2673.79,0.928,50.03,Normal,-63.1,34.1,Normal
MTR-0083,2026-09-30 10:02:00,13.319258,101.135865,228.7,1.5,0.32,3201.1,0.921,49.98,Normal,-75.3,39.3,Normal
MTR-0084,2026-09-30 10:02:00,13.300776,101.122106,233.82,3.34,0.74,855.43,0.953,50.01,Normal,-60.0,26.7,Normal
MTR-0085,2026-09-30 10:02:00,13.297455,101.12768,234.52,0.96,0.21,654.3,0.925,49.98,Normal,-66.7,42.2,Normal
MTR-0086,2026-09-30 10:02:00,13.300706,101.125173,232.17,2.21,0.46,3617.66,0.9,49.95,Normal,-65.1,36.4,Normal
MTR-0087,2026-09-30 10:02:00,13.360098,101.008234,230.3,6.07,1.35,4360.84,0.963,49.99,Normal,-64.1,31.7,Normal
MTR-0088,2026-09-30 10:02:00,13.345137,101.028879,236.34,3.74,0.87,4164.64,0.982,49.98,Normal,-67.0,37.0,Normal
MTR-0089,2026-09-30 10:02:00,13.29809,101.120258,219.14,3.38,0.7,3033.14,0.94,49.97,Normal,-70.6,38.7,Normal
MTR-0090,2026-09-30 10:02:00,13.289915,101.093989,225.6,7.07,1.52,924.5,0.951,49.95,Normal,-74.9,34.8,Normal
MTR-0091,2026-09-30 10:02:00,13.3213,101.135903,226.76,2.48,0.55,3718.25,0.972,49.99,Normal,-62.7,27.4,Normal
MTR-0092,2026-09-30 10:02:00,13.297393,101.145441,228.1,5.14,1.13,1599.07,0.966,49.99,Normal,-56.2,33.1,Normal
MTR-0093,2026-09-30 10:02:00,13.377733,101.023376,228.1,3.23,0.68,4777.64,0.929,50.01,Normal,-57.2,38.3,Normal
MTR-0094,2026-09-30 10:02:00,13.300488,101.077433,231.24,3.47,0.76,4431.82,0.951,50.03,Normal,-57.7,35.2,Normal
MTR-0095,2026-09-30 10:02:00,13.312996,101.101132,224.65,1.59,0.35,3819.6,0.984,49.91,Normal,-70.7,33.5,Normal
MTR-0096,2026-09-30 10:02:00,13.346493,101.029583,235.12,2.23,0.5,4957.06,0.956,49.91,Normal,-73.9,38.6,Normal
MTR-0097,2026-09-30 10:02:00,13.334012,101.143632,227.36,1.51,0.33,599.27,0.968,50.07,Normal,-64.7,36.6,Normal
MTR-0098,2026-09-30 10:02:00,13.31982,101.137939,228.05,3.02,0.66,3947.0,0.964,49.96,Normal,-69.5,37.3,Normal
MTR-0099,2026-09-30 10:02:00,13.327068,101.127044,233.48,3.8,0.83,2018.71,0.932,49.93,Normal,-66.4,32.6,Normal
MTR-0100,2026-09-30 10:02:00,13.336579,101.108557,229.45,38.48,8.52,17266.58,0.965,49.95,High_Load,-63.3,32.3,Abnormal_Load
MTR-0101,2026-09-30 10:02:00,13.376416,101.008681,228.63,7.67,1.67,1716.84,0.95,50.07,Normal,-67.8,27.8,Normal
MTR-0102,2026-09-30 10:02:00,13.376957,101.027775,233.2,3.14,0.71,3893.13,0.973,49.99,Normal,-74.8,33.1,Normal
MTR-0103,2026-09-30 10:02:00,13.34464,101.031051,231.13,3.21,0.72,4618.88,0.974,50.05,Normal,-70.5,37.5,Normal
MTR-0104,2026-09-30 10:02:00,13.360121,101.006961,231.45,4.13,0.89,647.95,0.935,50.0,Normal,-57.6,33.9,Normal
MTR-0105,2026-09-30 10:02:00,13.348688,101.032002,231.2,1.99,0.44,2338.87,0.967,50.0,Normal,-57.8,35.7,Normal
MTR-0106,2026-09-30 10:02:00,13.390689,101.006956,240.31,3.05,0.72,4071.03,0.976,50.03,Normal,-58.2,37.5,Normal
MTR-0107,2026-09-30 10:02:00,13.334585,101.108651,232.48,2.1,0.45,2610.9,0.919,49.92,Normal,-60.1,35.0,Normal
MTR-0108,2026-09-30 10:02:00,13.291727,101.094322,230.79,5.84,1.33,1719.57,0.987,49.96,Normal,-63.8,36.3,Normal
MTR-0109,2026-09-30 10:02:00,13.289816,101.096096,233.51,1.99,0.46,1494.12,0.995,49.99,Normal,-58.7,28.7,Normal
MTR-0110,2026-09-30 10:02:00,13.376818,101.014961,228.86,2.85,0.65,1074.77,1.0,49.96,Normal,-63.5,32.3,Normal
MTR-0111,2026-09-30 10:02:00,13.355893,101.035718,225.77,3.66,0.79,4521.43,0.952,49.99,Normal,-63.0,39.7,Normal
MTR-0112,2026-09-30 10:02:00,13.388003,101.005748,227.37,3.76,0.81,3183.0,0.951,50.01,Normal,-71.1,34.2,Normal
MTR-0113,2026-09-30 10:02:00,13.318956,101.132524,227.08,2.28,0.5,812.87,0.962,49.98,Normal,-62.1,40.2,Normal
MTR-0114,2026-09-30 10:02:00,13.393386,101.010749,223.31,2.05,0.44,2267.3,0.971,50.08,Normal,-60.7,31.9,Normal
MTR-0115,2026-09-30 10:02:00,13.389978,101.009555,231.65,2.35,0.53,2196.77,0.982,50.01,Normal,-60.2,35.1,Normal
MTR-0116,2026-09-30 10:02:00,13.299898,101.123375,226.94,3.63,0.79,1313.32,0.965,50.05,Normal,-73.8,32.7,Normal
MTR-0117,2026-09-30 10:02:00,13.375113,101.016535,230.61,3.01,0.66,2518.72,0.949,49.96,Normal,-61.0,35.2,Normal
MTR-0118,2026-09-30 10:02:00,13.38751,101.009758,227.12,4.35,0.97,2027.55,0.986,49.98,Normal,-74.8,37.5,Normal
MTR-0119,2026-09-30 10:02:00,13.349674,101.013796,230.13,3.85,0.82,2073.63,0.926,50.05,Normal,-62.9,36.6,Normal
MTR-0120,2026-09-30 10:02:00,13.347558,101.019405,230.64,1.03,0.23,3960.4,0.965,49.96,Normal,-71.5,37.2,Normal
MTR-0121,2026-09-30 10:02:00,13.310076,101.101641,224.11,3.55,0.79,1510.56,0.987,49.98,Normal,-51.2,33.3,Normal
MTR-0122,2026-09-30 10:02:00,13.361394,101.006199,232.41,8.21,1.76,3498.98,0.925,50.02,Normal,-63.2,34.3,Normal
MTR-0123,2026-09-30 10:02:00,13.300064,101.124328,235.45,5.08,1.11,3160.69,0.925,50.04,Normal,-55.6,27.9,Normal
MTR-0124,2026-09-30 10:02:00,13.39212,101.00926,233.91,3.53,0.79,3148.5,0.959,49.98,Normal,-41.6,35.8,Normal
MTR-0125,2026-09-30 10:02:00,13.29882,101.122908,225.16,1.78,0.39,3599.32,0.968,50.05,Normal,-72.6,34.1,Normal
MTR-0126,2026-09-30 10:02:00,13.309424,101.102352,224.45,3.75,0.78,3054.87,0.931,49.97,Normal,-58.1,33.8,Normal
MTR-0127,2026-09-30 10:02:00,13.299092,101.11987,226.54,4.05,0.87,4626.54,0.952,50.0,Normal,-73.3,33.0,Normal
MTR-0128,2026-09-30 10:02:00,13.29756,101.121629,227.36,2.77,0.58,3659.06,0.922,50.01,Normal,-57.8,34.2,Normal
MTR-0129,2026-09-30 10:02:00,13.389727,101.008041,223.96,3.54,0.77,3048.14,0.967,50.01,Normal,-46.9,33.7,Normal
MTR-0130,2026-09-30 10:02:00,13.36172,101.004654,230.56,6.01,1.3,4391.48,0.94,49.95,Normal,-71.0,32.2,Normal
MTR-0131,2026-09-30 10:02:00,13.359947,101.007474,229.25,2.11,0.48,3329.24,1.0,50.03,Normal,-72.0,34.7,Normal
MTR-0132,2026-09-30 10:02:00,13.332474,101.110527,229.36,1.94,0.42,1832.98,0.95,50.0,Normal,-63.1,36.2,Normal
MTR-0133,2026-09-30 10:02:00,13.291174,101.093997,234.23,3.86,0.84,1433.78,0.928,50.0,Normal,-45.8,31.6,Normal
MTR-0134,2026-09-30 10:02:00,13.310427,101.099487,227.78,3.76,0.81,1173.63,0.948,49.96,Normal,-57.6,32.5,Normal
MTR-0135,2026-09-30 10:02:00,13.324605,101.138558,222.31,4.59,0.97,4722.49,0.948,50.04,Normal,-71.4,33.3,Normal
MTR-0136,2026-09-30 10:02:00,13.332909,101.108998,228.06,3.73,0.81,3823.21,0.948,50.01,Normal,-46.1,34.1,Normal
MTR-0137,2026-09-30 10:02:00,13.348699,101.029786,233.92,2.44,0.57,4902.59,0.993,49.97,Normal,-73.8,34.0,Normal
MTR-0138,2026-09-30 10:02:00,13.322502,101.136714,233.12,43.19,9.58,18314.01,0.951,49.96,High_Load,-41.9,37.0,Abnormal_Load
MTR-0139,2026-09-30 10:02:00,13.37785,101.029545,231.83,1.83,0.4,2698.69,0.939,49.98,Normal,-55.2,28.4,Normal
MTR-0140,2026-09-30 10:02:00,13.351962,101.013973,226.49,2.86,0.62,733.7,0.955,50.02,Normal,-47.4,28.3,Normal
MTR-0141,2026-09-30 10:02:00,13.360002,101.006498,233.84,3.62,0.82,3640.36,0.966,50.04,Normal,-77.4,34.9,Normal
MTR-0142,2026-09-30 10:02:00,13.331153,101.093411,236.87,2.4,0.52,3215.53,0.921,50.02,Normal,-57.9,32.2,Normal
MTR-0143,2026-09-30 10:02:00,13.391472,101.00612,224.71,9.06,1.97,5153.65,0.97,50.01,Normal,-65.2,37.1,Normal
MTR-0144,2026-09-30 10:02:00,13.379582,101.029203,227.76,1.35,0.28,1586.02,0.926,50.02,Normal,-70.5,38.2,Normal
MTR-0145,2026-09-30 10:02:00,13.335109,101.109442,240.52,2.37,0.55,2971.04,0.965,49.97,Normal,-75.4,34.5,Normal
MTR-0146,2026-09-30 10:02:00,13.29869,101.121206,225.8,2.04,0.43,3542.09,0.944,49.99,Normal,-57.9,29.9,Normal
MTR-0147,2026-09-30 10:02:00,13.336676,101.004738,220.59,2.13,0.42,3511.85,0.893,50.02,Normal,-58.8,37.2,Normal
MTR-0148,2026-09-30 10:02:00,13.33588,101.106084,235.21,2.14,0.48,3116.18,0.956,49.96,Normal,-51.3,35.0,Normal
MTR-0149,2026-09-30 10:02:00,13.3849,101.034764,233.58,1.63,0.37,4140.44,0.968,50.01,Normal,-63.9,29.1,Normal
MTR-0150,2026-09-30 10:02:00,13.387754,101.009596,228.12,4.25,0.92,1423.74,0.946,50.04,Normal,-61.8,29.1,Normal
MTR-0151,2026-09-30 10:02:00,13.376127,101.026556,228.42,2.46,0.52,3896.77,0.929,49.99,Normal,-76.2,39.6,Normal
MTR-0152,2026-09-30 10:02:00,13.306211,101.075246,223.86,3.25,0.66,3393.8,0.91,50.0,Normal,-48.4,38.7,Normal
MTR-0153,2026-09-30 10:02:00,13.346718,101.029122,228.75,2.43,0.54,4706.4,0.966,49.96,Normal,-64.3,25.0,Normal
MTR-0154,2026-09-30 10:02:00,13.321089,101.135184,234.15,2.12,0.48,4474.21,0.973,50.04,Normal,-55.5,28.8,Normal
MTR-0155,2026-09-30 10:02:00,13.389205,101.007059,228.44,6.37,1.35,1947.07,0.926,49.99,Normal,-56.5,38.4,Normal
MTR-0156,2026-09-30 10:02:00,13.389028,101.007735,233.67,4.4,0.95,1762.21,0.926,49.97,Normal,-49.8,33.8,Normal
MTR-0157,2026-09-30 10:02:00,13.360179,101.006106,230.32,1.21,0.26,5112.87,0.946,49.98,Normal,-70.3,36.7,Normal
MTR-0158,2026-09-30 10:02:00,13.30147,101.120517,235.5,1.24,0.29,2954.53,0.997,49.97,Normal,-57.3,34.1,Normal
MTR-0159,2026-09-30 10:02:00,13.375019,101.026161,226.9,4.83,1.06,4755.58,0.967,50.02,Normal,-63.2,36.1,Normal
MTR-0160,2026-09-30 10:02:00,13.332196,101.111037,227.85,2.25,0.47,1228.47,0.925,50.01,Normal,-44.9,34.1,Normal
MTR-0161,2026-09-30 10:02:00,13.338077,101.125124,217.49,1.45,0.3,3503.41,0.96,49.98,Normal,-73.4,32.1,Normal
MTR-0162,2026-09-30 10:02:00,13.307676,101.098084,221.9,4.57,0.94,4296.92,0.923,50.0,Normal,-52.2,37.1,Normal
MTR-0163,2026-09-30 10:02:00,13.344124,101.031176,233.43,3.23,0.72,4950.19,0.959,50.02,Normal,-59.4,33.9,Normal
MTR-0164,2026-09-30 10:02:00,13.300397,101.122871,221.99,3.49,0.77,2052.43,0.988,50.0,Normal,-62.9,36.2,Normal
MTR-0165,2026-09-30 10:02:00,13.288421,101.136128,226.48,4.03,0.91,3893.74,0.994,49.94,Normal,-62.5,34.7,Normal
MTR-0166,2026-09-30 10:02:00,13.359921,101.006189,230.82,1.76,0.39,3009.4,0.954,50.01,Normal,-52.0,31.5,Normal
MTR-0167,2026-09-30 10:02:00,13.332362,101.107451,230.38,1.47,0.31,738.01,0.93,49.97,Normal,-61.5,40.1,Normal
MTR-0168,2026-09-30 10:02:00,13.392406,101.007061,233.1,6.32,1.34,3727.61,0.911,49.94,Normal,-78.2,35.4,Normal
MTR-0169,2026-09-30 10:02:00,13.378458,101.026928,224.35,1.53,0.32,3727.98,0.92,50.05,Normal,-53.8,32.9,Normal
MTR-0170,2026-09-30 10:02:00,13.289913,101.097635,241.69,1.68,0.36,4870.41,0.89,50.01,Normal,-55.4,38.8,Normal
MTR-0171,2026-09-30 10:02:00,13.31744,101.132608,224.32,1.78,0.39,2812.27,0.965,50.0,Normal,-59.1,29.2,Normal
MTR-0172,2026-09-30 10:02:00,13.308644,101.102228,229.81,8.19,1.78,1543.83,0.946,49.99,Normal,-74.1,42.2,Normal
MTR-0173,2026-09-30 10:02:00,13.3493,101.015537,229.8,3.46,0.78,661.74,0.981,50.03,Normal,-71.4,33.7,Normal
MTR-0174,2026-09-30 10:02:00,13.323179,101.140504,223.46,4.99,1.1,2424.4,0.986,50.07,Normal,-78.9,28.8,Normal
MTR-0175,2026-09-30 10:02:00,13.33253,101.108968,225.64,3.36,0.72,1884.16,0.944,50.0,Normal,-55.8,40.8,Normal
MTR-0176,2026-09-30 10:02:00,13.313337,101.0764,226.94,2.39,0.52,4065.21,0.958,49.97,Normal,-76.0,32.8,Normal
MTR-0177,2026-09-30 10:02:00,13.301656,101.124399,225.45,4.01,0.85,2132.84,0.942,49.99,Normal,-77.9,34.9,Normal
MTR-0178,2026-09-30 10:02:00,13.380189,101.028446,235.24,1.43,0.32,4958.11,0.946,50.0,Normal,-49.7,36.9,Normal
MTR-0179,2026-09-30 10:02:00,13.376016,101.005768,228.9,1.69,0.37,5021.01,0.966,49.94,Normal,-53.6,38.5,Normal
MTR-0180,2026-09-30 10:02:00,13.332121,101.109507,223.0,4.24,0.9,3399.39,0.948,49.99,Normal,-65.9,34.2,Normal
MTR-0181,2026-09-30 10:02:00,13.283214,101.124748,220.69,1.52,0.32,4861.16,0.944,50.02,Normal,-65.7,31.2,Normal
MTR-0182,2026-09-30 10:02:00,13.345471,101.030504,231.04,2.55,0.56,4064.11,0.945,50.05,Normal,-84.2,35.2,Normal
MTR-0183,2026-09-30 10:02:00,13.34559,101.009291,223.98,2.78,0.6,3047.62,0.968,50.03,Normal,-53.0,31.9,Normal
MTR-0184,2026-09-30 10:02:00,13.348902,101.027981,228.98,2.3,0.49,1306.5,0.938,50.02,Normal,-68.4,34.3,Normal
MTR-0185,2026-09-30 10:02:00,13.307481,101.09972,231.2,1.3,0.29,2628.36,0.953,50.04,Normal,-60.3,40.2,Normal
MTR-0186,2026-09-30 10:02:00,13.357945,101.006452,223.17,2.23,0.48,3114.19,0.959,50.08,Normal,-83.8,36.7,Normal
MTR-0187,2026-09-30 10:02:00,13.374198,101.023289,232.35,1.97,0.44,4553.86,0.965,50.0,Normal,-53.2,35.0,Normal
MTR-0188,2026-09-30 10:02:00,13.380024,101.030651,220.75,2.98,0.62,2736.39,0.938,49.97,Normal,-68.3,36.7,Normal
MTR-0189,2026-09-30 10:02:00,13.287244,101.096006,230.1,3.01,0.64,4714.01,0.927,49.94,Normal,-75.7,37.2,Normal
MTR-0190,2026-09-30 10:02:00,13.378585,101.026014,229.0,3.75,0.81,3653.22,0.942,49.97,Normal,-66.7,30.3,Normal
MTR-0191,2026-09-30 10:02:00,13.318051,101.136934,229.1,56.59,12.25,18935.06,0.945,49.95,High_Load,-67.8,33.9,Abnormal_Load
MTR-0192,2026-09-30 10:02:00,13.335406,101.108503,223.45,3.51,0.78,5176.23,0.997,50.0,Normal,-50.5,43.2,Normal
MTR-0193,2026-09-30 10:02:00,13.309466,101.099637,223.83,1.61,0.33,2954.38,0.924,49.97,Normal,-63.3,38.8,Normal
MTR-0194,2026-09-30 10:02:00,13.289261,101.134962,235.96,1.22,0.27,2311.35,0.923,50.01,Normal,-51.5,32.5,Normal
MTR-0195,2026-09-30 10:02:00,13.346968,101.030099,236.32,1.0,0.22,3580.81,0.944,50.0,Normal,-61.4,32.3,Normal
MTR-0196,2026-09-30 10:02:00,13.299079,101.122301,233.93,2.41,0.54,967.28,0.954,50.04,Normal,-53.6,32.0,Normal
MTR-0197,2026-09-30 10:02:00,13.2927,101.094556,234.63,2.09,0.48,3473.6,0.98,49.98,Normal,-63.8,37.1,Normal
MTR-0198,2026-09-30 10:02:00,13.322411,101.136944,234.75,4.01,0.87,2816.7,0.923,49.93,Normal,-52.4,40.0,Normal
MTR-0199,2026-09-30 10:02:00,13.360171,101.004449,226.84,2.28,0.48,2381.74,0.919,50.02,Normal,-72.9,35.0,Normal
MTR-0200,2026-09-30 10:02:00,13.349326,101.016172,228.74,3.55,0.77,4976.91,0.945,49.99,Normal,-63.1,34.3,Normal
MTR-0201,2026-09-30 10:02:00,13.358013,101.006127,220.64,4.36,0.9,2932.14,0.939,49.96,Normal,-64.7,32.3,Normal
MTR-0202,2026-09-30 10:02:00,13.38124,101.026436,228.96,2.17,0.49,1490.85,0.979,50.02,Normal,-50.7,34.3,Normal
MTR-0203,2026-09-30 10:02:00,13.357519,101.005204,236.04,3.19,0.73,2630.14,0.97,49.96,Normal,-49.9,30.8,Normal
MTR-0204,2026-09-30 10:02:00,13.391741,101.007739,227.29,4.75,1.03,4817.17,0.957,50.01,Normal,-65.5,26.8,Normal
MTR-0205,2026-09-30 10:02:00,13.332679,101.111925,232.22,53.03,11.17,24496.72,0.907,50.09,High_Load,-74.9,40.4,Abnormal_Load
MTR-0206,2026-09-30 10:02:00,13.389179,101.010806,228.89,37.78,8.33,13801.26,0.963,49.96,High_Load,-60.3,30.8,Abnormal_Load
MTR-0207,2026-09-30 10:02:00,13.377235,101.030435,222.55,2.08,0.43,511.93,0.924,50.0,Normal,-79.1,32.2,Normal
MTR-0208,2026-09-30 10:02:00,13.347712,101.002257,223.66,1.66,0.36,517.43,0.968,49.98,Normal,-48.0,36.4,Normal
MTR-0209,2026-09-30 10:02:00,13.378079,101.025559,233.65,1.55,0.33,4389.63,0.914,50.0,Normal,-65.8,39.0,Normal
MTR-0210,2026-09-30 10:02:00,13.323205,101.135682,231.51,1.63,0.35,3927.6,0.931,50.03,Normal,-62.9,35.1,Normal
MTR-0211,2026-09-30 10:02:00,13.349235,101.029068,228.73,3.06,0.65,2136.51,0.933,50.03,Normal,-69.6,29.4,Normal
MTR-0212,2026-09-30 10:02:00,13.30299,101.12169,228.6,1.42,0.32,3767.0,0.998,50.05,Normal,-69.8,33.0,Normal
MTR-0213,2026-09-30 10:02:00,13.32113,101.134366,228.84,2.29,0.5,2327.27,0.952,50.0,Normal,-58.6,30.9,Normal
MTR-0214,2026-09-30 10:02:00,13.288509,101.095436,232.23,4.19,0.91,4976.34,0.936,49.97,Normal,-61.9,33.8,Normal
MTR-0215,2026-09-30 10:02:00,13.377974,101.026973,237.13,3.64,0.82,5043.57,0.954,49.99,Normal,-64.1,38.7,Normal
MTR-0216,2026-09-30 10:02:00,13.347177,101.027866,239.44,2.31,0.53,2315.81,0.952,50.01,Normal,-69.8,24.6,Normal
MTR-0217,2026-09-30 10:02:00,13.354891,101.008585,231.34,5.92,1.28,4507.66,0.932,50.01,Normal,-55.7,32.7,Normal
MTR-0218,2026-09-30 10:02:00,13.285037,101.084917,228.81,6.6,1.38,4122.3,0.915,50.04,Normal,-52.8,32.1,Normal
MTR-0219,2026-09-30 10:02:00,13.377036,101.027297,230.63,3.11,0.71,1922.56,0.986,50.0,Normal,-63.9,29.3,Normal
MTR-0220,2026-09-30 10:02:00,13.378369,101.033196,230.25,1.04,0.23,1552.21,0.962,49.96,Normal,-49.1,35.5,Normal
MTR-0221,2026-09-30 10:02:00,13.324611,101.090931,233.52,4.68,1.09,2626.71,1.0,49.97,Normal,-62.7,30.0,Normal
MTR-0222,2026-09-30 10:02:00,13.346243,101.030011,234.54,1.14,0.26,4161.43,0.969,50.02,Normal,-55.3,28.9,Normal
MTR-0223,2026-09-30 10:02:00,13.309985,101.097302,238.08,5.89,1.34,5010.92,0.958,50.02,Normal,-76.1,36.8,Normal
MTR-0224,2026-09-30 10:02:00,13.387937,101.004873,227.48,5.23,1.12,4077.1,0.939,50.05,Normal,-60.0,39.0,Normal
MTR-0225,2026-09-30 10:02:00,13.32423,101.139012,240.19,7.0,1.55,4512.35,0.92,49.96,Normal,-65.5,33.1,Normal
MTR-0226,2026-09-30 10:02:00,13.391135,101.007441,235.65,3.61,0.81,3314.62,0.948,49.98,Normal,-60.7,29.1,Normal
MTR-0227,2026-09-30 10:02:00,13.307368,101.138861,228.47,2.74,0.58,4418.23,0.931,50.01,Normal,-63.8,31.4,Normal
MTR-0228,2026-09-30 10:02:00,13.35155,101.015301,235.09,2.57,0.58,4176.04,0.961,50.02,Normal,-61.8,37.3,Normal
MTR-0229,2026-09-30 10:02:00,13.377314,101.025917,237.32,2.47,0.58,2240.72,0.987,49.97,Normal,-59.2,34.7,Normal
MTR-0230,2026-09-30 10:02:00,13.29286,101.094801,225.36,4.57,0.95,3072.03,0.922,50.03,Normal,-66.9,33.5,Normal
MTR-0231,2026-09-30 10:02:00,13.309596,101.100111,238.19,3.85,0.89,4272.66,0.973,50.02,Normal,-58.0,35.7,Normal
MTR-0232,2026-09-30 10:02:00,13.335494,101.107883,235.6,3.4,0.75,668.83,0.933,50.04,Normal,-49.2,33.8,Normal
MTR-0233,2026-09-30 10:02:00,13.303556,101.09892,241.03,2.31,0.52,4288.42,0.941,50.05,Normal,-76.5,40.2,Normal
MTR-0234,2026-09-30 10:02:00,13.298097,101.142394,227.47,9.16,1.96,1295.14,0.942,50.09,Normal,-70.9,30.5,Normal
MTR-0235,2026-09-30 10:02:00,13.365975,101.022808,226.46,4.76,0.97,2894.83,0.898,49.99,Normal,-69.4,31.4,Normal
MTR-0236,2026-09-30 10:02:00,13.376695,101.027546,219.82,1.46,0.3,4289.33,0.948,49.95,Normal,-72.9,28.9,Normal
MTR-0237,2026-09-30 10:02:00,13.376589,101.002193,231.63,2.4,0.53,1655.69,0.959,49.98,Normal,-64.1,32.9,Normal
MTR-0238,2026-09-30 10:02:00,13.350756,101.020064,231.24,4.83,1.1,1617.68,0.987,50.02,Normal,-55.2,30.9,Normal
MTR-0239,2026-09-30 10:02:00,13.377436,101.031527,224.51,2.04,0.45,2363.17,0.977,50.01,Normal,-48.1,35.2,Normal
MTR-0240,2026-09-30 10:02:00,13.348305,101.030019,230.0,3.61,0.8,4699.61,0.967,50.05,Normal,-59.9,34.3,Normal
MTR-0241,2026-09-30 10:02:00,13.359054,101.005814,222.67,4.32,0.91,452.18,0.941,49.98,Normal,-67.3,30.1,Normal
MTR-0242,2026-09-30 10:02:00,13.310095,101.099891,235.54,0.61,0.14,4731.59,0.956,50.03,Normal,-52.9,35.8,Normal
MTR-0243,2026-09-30 10:02:00,13.353417,101.045971,225.71,2.64,0.59,1180.62,0.991,49.99,Normal,-86.2,39.6,Normal
MTR-0244,2026-09-30 10:02:00,13.377988,101.02935,244.66,2.99,0.7,5152.97,0.954,49.99,Normal,-73.0,34.9,Normal
MTR-0245,2026-09-30 10:02:00,13.355919,101.005102,226.51,2.53,0.57,4985.56,0.994,49.94,Normal,-84.7,25.2,Normal
MTR-0246,2026-09-30 10:02:00,13.335109,101.108665,223.53,3.51,0.78,2799.77,1.0,50.01,Normal,-71.7,41.4,Normal
MTR-0247,2026-09-30 10:02:00,13.387038,101.004093,226.04,3.82,0.82,2885.48,0.953,50.09,Normal,-73.1,37.1,Normal
MTR-0248,2026-09-30 10:02:00,13.375093,101.028803,225.38,3.42,0.72,2737.42,0.932,49.96,Normal,-51.5,41.1,Normal
MTR-0249,2026-09-30 10:02:00,13.312355,101.100681,229.74,2.43,0.51,3468.4,0.919,49.96,Normal,-84.9,37.9,Normal
MTR-0250,2026-09-30 10:02:00,13.346931,101.028898,225.79,3.95,0.82,880.99,0.914,50.06,Normal,-68.7,38.2,Normal
MTR-0251,2026-09-30 10:02:00,13.352528,101.015825,232.46,3.3,0.72,605.0,0.933,50.02,Normal,-57.4,34.6,Normal
MTR-0252,2026-09-30 10:02:00,13.309989,101.103115,228.06,2.51,0.56,724.14,0.977,50.02,Normal,-60.2,33.2,Normal
MTR-0253,2026-09-30 10:02:00,13.345728,101.02014,237.57,1.64,0.34,2560.77,0.885,50.03,Normal,-44.7,35.3,Normal
MTR-0254,2026-09-30 10:02:00,13.357473,101.014131,231.45,1.41,0.3,1758.87,0.924,49.97,Normal,-62.9,30.8,Normal
MTR-0255,2026-09-30 10:02:00,13.359694,101.007138,228.64,1.54,0.33,3404.71,0.942,50.0,Normal,-62.5,36.2,Normal
MTR-0256,2026-09-30 10:02:00,13.378463,101.029141,235.84,3.17,0.7,5164.16,0.932,50.03,Normal,-78.3,24.7,Normal
MTR-0257,2026-09-30 10:02:00,13.359263,101.004347,233.88,2.88,0.63,2285.1,0.942,50.04,Normal,-71.2,33.9,Normal
MTR-0258,2026-09-30 10:02:00,13.377556,101.025421,244.04,1.44,0.33,3175.77,0.931,49.99,Normal,-77.9,39.0,Normal
MTR-0259,2026-09-30 10:02:00,13.332824,101.10737,226.2,4.25,0.9,2424.2,0.939,50.02,Normal,-54.8,34.5,Normal
MTR-0260,2026-09-30 10:02:00,13.310751,101.094676,228.6,5.24,1.13,4474.64,0.946,50.02,Normal,-59.6,39.3,Normal
MTR-0261,2026-09-30 10:02:00,13.33598,101.019283,238.98,2.31,0.52,4735.66,0.935,49.99,Normal,-59.7,33.4,Normal
MTR-0262,2026-09-30 10:02:00,13.390976,101.009447,220.57,1.31,0.28,4617.46,0.981,50.02,Normal,-69.4,37.5,Normal
MTR-0263,2026-09-30 10:02:00,13.346911,101.02962,235.14,2.17,0.5,5078.31,0.979,49.96,Normal,-69.7,30.5,Normal
MTR-0264,2026-09-30 10:02:00,13.312241,101.100321,232.74,4.72,1.0,580.8,0.909,50.02,Normal,-59.5,37.4,Normal
MTR-0265,2026-09-30 10:02:00,13.311911,101.101868,223.4,3.85,0.76,4439.19,0.888,49.96,Normal,-69.0,35.0,Normal
MTR-0266,2026-09-30 10:02:00,13.344338,101.120894,220.59,2.0,0.43,4020.96,0.983,49.96,Normal,-72.8,33.1,Normal
MTR-0267,2026-09-30 10:02:00,13.30196,101.120575,223.63,6.38,1.32,1536.4,0.922,50.04,Normal,-69.6,24.6,Normal
MTR-0268,2026-09-30 10:02:00,13.352701,101.018123,216.84,5.41,1.12,4992.62,0.955,50.04,Normal,-71.1,33.0,Normal
MTR-0269,2026-09-30 10:02:00,13.339386,101.017415,225.1,2.04,0.42,1153.89,0.916,50.01,Normal,-72.6,35.2,Normal
MTR-0270,2026-09-30 10:02:00,13.309957,101.095518,230.89,2.26,0.51,3677.9,0.979,50.06,Normal,-70.3,37.5,Normal
MTR-0271,2026-09-30 10:02:00,13.312643,101.100096,227.62,2.24,0.51,1518.27,1.0,50.05,Normal,-59.2,39.6,Normal
MTR-0272,2026-09-30 10:02:00,13.310165,101.097806,237.68,2.35,0.54,2499.1,0.96,50.05,Normal,-49.6,41.3,Normal
MTR-0273,2026-09-30 10:02:00,13.308628,101.095989,237.96,4.5,1.01,3866.09,0.945,49.98,Normal,-62.0,39.1,Normal
MTR-0274,2026-09-30 10:02:00,13.324541,101.134859,235.27,3.87,0.86,3125.86,0.943,50.03,Normal,-60.8,32.1,Normal
MTR-0275,2026-09-30 10:02:00,13.346784,101.028646,229.76,4.79,1.07,2480.71,0.975,50.04,Normal,-57.9,32.5,Normal
MTR-0276,2026-09-30 10:02:00,13.325147,101.135076,215.96,3.9,0.81,2000.18,0.962,50.08,Normal,-58.7,37.2,Normal
MTR-0277,2026-09-30 10:02:00,13.291538,101.09504,224.69,6.64,1.44,4438.5,0.967,49.97,Normal,-71.9,35.5,Normal
MTR-0278,2026-09-30 10:02:00,13.309081,101.101572,229.43,1.76,0.38,1133.16,0.945,50.01,Normal,-49.8,39.9,Normal
MTR-0279,2026-09-30 10:02:00,13.322685,101.135506,225.07,3.34,0.72,2493.05,0.958,50.0,Normal,-70.3,43.6,Normal
MTR-0280,2026-09-30 10:02:00,13.290295,101.092905,229.35,1.2,0.25,4742.87,0.926,50.03,Normal,-59.2,42.4,Normal
MTR-0281,2026-09-30 10:02:00,13.309837,101.100165,239.79,1.77,0.39,4467.83,0.921,50.01,Normal,-60.5,38.7,Normal
MTR-0282,2026-09-30 10:02:00,13.298691,101.123392,219.78,3.02,0.63,2354.53,0.948,50.01,Normal,-79.8,35.5,Normal
MTR-0283,2026-09-30 10:02:00,13.289721,101.097117,238.0,3.34,0.74,4074.83,0.93,50.01,Normal,-67.2,39.0,Normal
MTR-0284,2026-09-30 10:02:00,13.359202,101.004966,235.26,3.07,0.71,4360.07,0.985,50.05,Normal,-61.8,40.1,Normal
MTR-0285,2026-09-30 10:02:00,13.343972,101.004207,230.0,2.32,0.5,4672.26,0.937,50.01,Normal,-62.8,33.1,Normal
MTR-0286,2026-09-30 10:02:00,13.290608,101.094067,227.44,2.45,0.53,3036.44,0.957,49.99,Normal,-61.8,32.6,Normal
MTR-0287,2026-09-30 10:02:00,13.352962,101.018944,224.44,5.27,1.11,1421.29,0.938,49.95,Normal,-57.5,31.5,Normal
MTR-0288,2026-09-30 10:02:00,13.378201,101.026632,221.6,45.42,9.21,9227.36,0.915,50.04,High_Load,-62.8,30.7,Abnormal_Load
MTR-0289,2026-09-30 10:02:00,13.288641,101.097088,239.92,7.11,1.59,1854.68,0.934,50.02,Normal,-60.6,30.0,Normal
MTR-0290,2026-09-30 10:02:00,13.378794,101.02772,237.51,4.02,0.87,3270.64,0.915,49.93,Normal,-60.9,34.1,Normal
MTR-0291,2026-09-30 10:02:00,13.324002,101.1377,222.17,3.6,0.77,605.91,0.958,50.01,Normal,-72.4,30.7,Normal
MTR-0292,2026-09-30 10:02:00,13.33433,101.109957,227.05,1.73,0.37,3471.24,0.939,50.07,Normal,-59.6,31.6,Normal
MTR-0293,2026-09-30 10:02:00,13.3089,101.099207,232.2,4.85,1.08,2180.76,0.961,49.97,Normal,-58.2,36.6,Normal
MTR-0294,2026-09-30 10:02:00,13.358413,101.004652,228.52,2.53,0.55,1852.44,0.953,50.02,Normal,-53.0,34.2,Normal
MTR-0295,2026-09-30 10:02:00,13.29947,101.120254,218.55,1.61,0.32,4627.63,0.913,50.02,Normal,-59.2,36.3,Normal
MTR-0296,2026-09-30 10:02:00,13.289911,101.095007,226.79,4.05,0.9,2635.09,0.977,50.01,Normal,-50.1,39.2,Normal
MTR-0297,2026-09-30 10:02:00,13.299027,101.124523,237.19,1.6,0.37,901.54,0.967,49.99,Normal,-58.9,37.3,Normal
MTR-0298,2026-09-30 10:02:00,13.299661,101.122173,225.98,2.28,0.48,4377.09,0.933,49.98,Normal,-56.6,39.0,Normal
MTR-0299,2026-09-30 10:02:00,13.323492,101.141435,225.38,3.04,0.66,676.36,0.968,50.02,Normal,-55.0,35.1,Normal
MTR-0300,2026-09-30 10:02:00,13.363445,101.02093,222.35,8.21,1.79,3902.21,0.979,50.01,Normal,-64.0,39.7,Normal
MTR-0001,2026-09-30 10:03:00,13.321586,101.133228,235.34,4.07,0.89,1827.47,0.934,49.98,Normal,-51.3,36.7,Normal
MTR-0002,2026-09-30 10:03:00,13.325157,101.13744,231.39,3.13,0.68,3125.71,0.936,49.98,Normal,-69.8,31.1,Normal
MTR-0003,2026-09-30 10:03:00,13.385169,101.032607,234.74,2.15,0.49,1019.84,0.977,50.0,Normal,-69.7,34.8,Normal
MTR-0004,2026-09-30 10:03:00,13.345857,101.031082,237.67,1.67,0.36,4804.81,0.919,50.0,Normal,-67.7,35.5,Normal
MTR-0005,2026-09-30 10:03:00,13.311326,101.100224,237.45,5.79,1.32,3873.27,0.961,50.04,Normal,-62.6,38.2,Normal
MTR-0006,2026-09-30 10:03:00,13.375672,101.027817,233.8,1.51,0.34,2356.9,0.968,49.97,Normal,-63.8,36.3,Normal
MTR-0007,2026-09-30 10:03:00,13.321649,101.131883,229.59,3.79,0.82,1203.56,0.947,49.96,Normal,-69.0,36.8,Normal
MTR-0008,2026-09-30 10:03:00,13.299997,101.120436,228.8,1.1,0.25,4639.49,0.976,50.05,Normal,-70.0,34.0,Normal
MTR-0009,2026-09-30 10:03:00,13.321307,101.133288,229.72,4.06,0.89,4363.06,0.957,49.97,Normal,-55.3,33.2,Normal
MTR-0010,2026-09-30 10:03:00,13.345983,101.030632,226.78,4.85,1.02,3878.3,0.928,50.05,Normal,-52.7,32.9,Normal
MTR-0011,2026-09-30 10:03:00,13.359555,101.004516,219.09,5.02,1.05,1739.98,0.951,50.05,Normal,-50.1,34.9,Normal
MTR-0012,2026-09-30 10:03:00,13.397533,101.010324,227.19,2.91,0.62,2361.7,0.94,50.01,Normal,-67.7,28.1,Normal
MTR-0013,2026-09-30 10:03:00,13.390526,101.007937,231.11,73.52,16.33,15054.0,0.961,50.01,High_Load,-55.2,38.3,Abnormal_Load
MTR-0014,2026-09-30 10:03:00,13.331895,101.108595,225.16,9.06,1.95,1348.18,0.956,50.0,Normal,-61.4,34.1,Normal
MTR-0015,2026-09-30 10:03:00,13.348485,101.029246,227.65,37.99,7.85,19809.58,0.908,49.99,High_Load,-71.6,32.9,Abnormal_Load
MTR-0016,2026-09-30 10:03:00,13.290696,101.095579,226.52,62.35,13.13,26621.76,0.93,50.0,High_Load,-56.6,25.8,Abnormal_Load
MTR-0017,2026-09-30 10:03:00,13.379457,101.023388,233.8,3.4,0.71,3269.15,0.893,49.98,Normal,-68.9,33.7,Normal
MTR-0018,2026-09-30 10:03:00,13.391498,101.009706,227.79,2.34,0.51,4704.76,0.951,50.03,Normal,-67.4,33.9,Normal
MTR-0019,2026-09-30 10:03:00,13.323387,101.136134,238.08,2.3,0.5,3220.58,0.916,50.03,Normal,-77.6,31.0,Normal
MTR-0020,2026-09-30 10:03:00,13.356917,101.003851,215.23,2.53,0.51,2668.16,0.944,49.96,Normal,-69.3,31.6,Normal
MTR-0021,2026-09-30 10:03:00,13.291978,101.097794,234.85,6.8,1.52,2066.94,0.95,49.97,Normal,-62.6,34.3,Normal
MTR-0022,2026-09-30 10:03:00,13.321117,101.138478,236.13,4.42,1.02,4917.25,0.978,49.95,Normal,-50.5,32.1,Normal
MTR-0023,2026-09-30 10:03:00,13.380831,101.029596,233.01,2.42,0.54,842.96,0.949,50.04,Normal,-66.9,35.5,Normal
MTR-0024,2026-09-30 10:03:00,13.309089,101.1446,222.5,0.98,0.21,4871.75,0.944,49.98,Normal,-68.4,31.5,Normal
MTR-0025,2026-09-30 10:03:00,13.359953,101.007159,233.16,1.53,0.35,4376.92,0.971,49.96,Normal,-48.1,34.2,Normal
MTR-0026,2026-09-30 10:03:00,13.360794,101.006595,229.12,4.01,0.89,1067.28,0.973,50.01,Normal,-68.7,39.0,Normal
MTR-0027,2026-09-30 10:03:00,13.377603,101.027523,217.99,1.22,0.25,3133.71,0.949,50.0,Normal,-79.0,34.3,Normal
MTR-0028,2026-09-30 10:03:00,13.337603,101.083577,233.78,43.35,9.3,18641.62,0.918,50.03,High_Load,-62.8,34.8,Abnormal_Load
MTR-0029,2026-09-30 10:03:00,13.361236,101.004001,235.99,1.98,0.44,3166.15,0.952,49.99,Normal,-66.1,35.2,Normal
MTR-0030,2026-09-30 10:03:00,13.333614,101.107908,218.93,3.38,0.69,4759.29,0.935,49.98,Normal,-39.0,34.6,Normal
MTR-0031,2026-09-30 10:03:00,13.35782,101.005237,230.38,3.11,0.67,4929.26,0.931,49.98,Normal,-59.2,32.8,Normal
MTR-0032,2026-09-30 10:03:00,13.322493,101.133079,235.18,3.33,0.71,2456.42,0.902,49.98,Normal,-64.4,31.8,Normal
MTR-0033,2026-09-30 10:03:00,13.386509,101.004756,233.52,2.71,0.59,2242.3,0.925,49.97,Normal,-71.6,34.6,Normal
MTR-0034,2026-09-30 10:03:00,13.311095,101.100439,232.79,2.62,0.55,4897.59,0.906,49.99,Normal,-59.1,33.3,Normal
MTR-0035,2026-09-30 10:03:00,13.286745,101.09589,215.64,2.22,0.47,3656.98,0.981,50.03,Normal,-51.5,38.6,Normal
MTR-0036,2026-09-30 10:03:00,13.366725,101.043929,233.09,3.56,0.8,1001.2,0.961,49.98,Normal,-57.4,37.5,Normal
MTR-0037,2026-09-30 10:03:00,13.3544,101.017751,228.77,4.21,0.93,651.01,0.962,49.99,Normal,-68.8,28.5,Normal
MTR-0038,2026-09-30 10:03:00,13.294571,101.095675,232.87,1.66,0.36,3132.03,0.933,50.02,Normal,-57.3,29.7,Normal
MTR-0039,2026-09-30 10:03:00,13.322507,101.138412,231.09,3.05,0.68,4868.4,0.958,50.03,Normal,-62.7,33.5,Normal
MTR-0040,2026-09-30 10:03:00,13.290459,101.144286,229.21,3.49,0.74,4460.27,0.929,49.99,Normal,-62.9,32.6,Normal
MTR-0041,2026-09-30 10:03:00,13.346154,101.028225,230.96,3.08,0.67,3660.37,0.945,50.03,Normal,-64.1,33.3,Normal
MTR-0042,2026-09-30 10:03:00,13.357013,101.005608,227.69,3.33,0.73,1110.89,0.958,50.04,Normal,-65.7,36.5,Normal
MTR-0043,2026-09-30 10:03:00,13.336515,101.109555,229.18,69.64,15.0,15838.31,0.94,50.04,High_Load,-67.6,34.6,Abnormal_Load
MTR-0044,2026-09-30 10:03:00,13.322508,101.134124,225.33,3.13,0.66,4608.77,0.933,50.05,Normal,-55.8,35.5,Normal
MTR-0045,2026-09-30 10:03:00,13.351336,101.018107,220.28,4.13,0.89,1318.44,0.982,50.02,Normal,-66.0,39.2,Normal
MTR-0046,2026-09-30 10:03:00,13.2984,101.122502,230.09,2.99,0.65,1772.68,0.942,50.06,Normal,-66.5,28.6,Normal
MTR-0047,2026-09-30 10:03:00,13.306399,101.103196,225.91,3.9,0.82,1065.69,0.936,49.96,Normal,-72.7,33.4,Normal
MTR-0048,2026-09-30 10:03:00,13.313413,101.102975,226.49,44.85,9.43,8909.27,0.928,50.07,High_Load,-59.9,32.2,Abnormal_Load
MTR-0049,2026-09-30 10:03:00,13.302335,101.121506,230.56,1.26,0.26,4933.95,0.909,49.97,Normal,-60.9,38.8,Normal
MTR-0050,2026-09-30 10:03:00,13.334788,101.108951,218.26,4.83,1.0,1727.72,0.947,50.0,Normal,-66.9,26.5,Normal
MTR-0051,2026-09-30 10:03:00,13.357349,101.008621,219.47,3.72,0.79,2708.27,0.964,49.96,Normal,-66.1,26.8,Normal
MTR-0052,2026-09-30 10:03:00,13.362144,101.038293,228.98,1.77,0.39,3463.17,0.957,49.98,Normal,-46.4,35.2,Normal
MTR-0053,2026-09-30 10:03:00,13.322484,101.135798,230.71,4.1,0.95,5197.58,1.0,50.01,Normal,-81.4,38.1,Normal
MTR-0054,2026-09-30 10:03:00,13.323289,101.12588,231.91,2.66,0.59,947.92,0.953,49.97,Normal,-57.3,36.6,Normal
MTR-0055,2026-09-30 10:03:00,13.28931,101.097822,221.26,2.49,0.53,2818.27,0.956,50.03,Normal,-52.4,31.3,Normal
MTR-0056,2026-09-30 10:03:00,13.29991,101.121088,232.15,2.56,0.55,2279.38,0.921,50.01,Normal,-94.1,39.0,Normal
MTR-0057,2026-09-30 10:03:00,13.351834,101.019129,229.36,3.52,0.76,4562.74,0.947,50.02,Normal,-55.7,29.9,Normal
MTR-0058,2026-09-30 10:03:00,13.289929,101.092811,224.45,2.01,0.43,2710.91,0.945,50.04,Normal,-62.9,38.7,Normal
MTR-0059,2026-09-30 10:03:00,13.344212,101.018391,224.12,4.2,0.84,977.25,0.895,49.98,Normal,-60.5,29.6,Normal
MTR-0060,2026-09-30 10:03:00,13.288829,101.09419,235.44,2.61,0.59,3463.58,0.967,50.03,Normal,-65.0,32.7,Normal
MTR-0061,2026-09-30 10:03:00,13.362203,101.003421,229.27,2.66,0.57,4111.27,0.929,49.99,Normal,-54.3,36.3,Normal
MTR-0062,2026-09-30 10:03:00,13.319023,101.132915,226.73,4.01,0.84,463.81,0.926,50.08,Normal,-61.1,28.6,Normal
MTR-0063,2026-09-30 10:03:00,13.310496,101.099875,228.2,2.65,0.58,4530.1,0.952,49.99,Normal,-62.0,39.4,Normal
MTR-0064,2026-09-30 10:03:00,13.293899,101.146502,235.5,4.36,0.99,1333.73,0.964,49.99,Normal,-73.2,32.0,Normal
MTR-0065,2026-09-30 10:03:00,13.307933,101.101041,229.7,4.68,1.02,3072.45,0.948,49.97,Normal,-44.0,35.2,Normal
MTR-0066,2026-09-30 10:03:00,13.287745,101.097986,230.27,1.73,0.38,2425.08,0.957,49.99,Normal,-62.9,38.3,Normal
MTR-0067,2026-09-30 10:03:00,13.322273,101.133229,233.1,5.21,1.17,3868.5,0.966,50.02,Normal,-42.4,31.7,Normal
MTR-0068,2026-09-30 10:03:00,13.28815,101.093612,226.66,1.43,0.31,2213.05,0.945,50.04,Normal,-44.2,38.0,Normal
MTR-0069,2026-09-30 10:03:00,13.35896,101.009334,232.9,5.32,1.21,4581.53,0.973,49.94,Normal,-76.6,39.8,Normal
MTR-0070,2026-09-30 10:03:00,13.360254,101.005688,225.46,7.38,1.52,3920.05,0.911,50.03,Normal,-70.9,30.8,Normal
MTR-0071,2026-09-30 10:03:00,13.323086,101.131428,226.73,4.38,0.92,3526.76,0.923,49.97,Normal,-70.6,39.5,Normal
MTR-0072,2026-09-30 10:03:00,13.31706,101.146432,230.39,1.09,0.24,4232.17,0.967,49.98,Normal,-63.4,28.4,Normal
MTR-0073,2026-09-30 10:03:00,13.299399,101.121642,231.47,5.07,1.07,4031.73,0.913,49.97,Normal,-60.9,36.1,Normal
MTR-0074,2026-09-30 10:03:00,13.319511,101.100179,234.75,7.79,1.76,620.94,0.961,50.05,Normal,-64.1,30.2,Normal
MTR-0075,2026-09-30 10:03:00,13.323861,101.13554,229.3,2.61,0.57,2325.05,0.951,49.99,Normal,-55.8,36.7,Normal
MTR-0076,2026-09-30 10:03:00,13.378287,101.025252,218.95,2.91,0.6,4871.4,0.941,49.99,Normal,-48.8,36.7,Normal
MTR-0077,2026-09-30 10:03:00,13.329109,101.100251,231.01,1.7,0.36,1047.25,0.929,49.97,Normal,-50.8,40.9,Normal
MTR-0078,2026-09-30 10:03:00,13.377665,101.027908,241.1,3.5,0.82,3951.31,0.976,49.98,Normal,-68.1,39.0,Normal
MTR-0079,2026-09-30 10:03:00,13.289096,101.09515,228.16,5.2,1.17,5079.46,0.989,50.03,Normal,-69.0,33.2,Normal
MTR-0080,2026-09-30 10:03:00,13.377263,101.027147,221.26,41.51,8.53,23479.23,0.929,49.98,High_Load,-64.9,30.2,Abnormal_Load
MTR-0081,2026-09-30 10:03:00,13.31794,101.134112,231.23,11.38,2.49,3690.74,0.947,50.01,Normal,-58.8,35.5,Normal
MTR-0082,2026-09-30 10:03:00,13.346062,101.029546,227.49,3.26,0.69,2673.82,0.929,50.04,Normal,-63.6,33.4,Normal
MTR-0083,2026-09-30 10:03:00,13.319258,101.135865,229.71,1.49,0.32,3201.11,0.924,50.01,Normal,-74.2,39.7,Normal
MTR-0084,2026-09-30 10:03:00,13.300776,101.122106,232.33,3.34,0.74,855.46,0.955,49.97,Normal,-57.6,26.4,Normal
MTR-0085,2026-09-30 10:03:00,13.297455,101.12768,238.13,1.0,0.22,654.31,0.927,49.99,Normal,-66.1,41.8,Normal
MTR-0086,2026-09-30 10:03:00,13.300706,101.125173,231.28,2.31,0.49,3617.68,0.908,49.97,Normal,-66.6,36.7,Normal
MTR-0087,2026-09-30 10:03:00,13.360098,101.008234,229.89,5.9,1.31,4360.89,0.966,50.02,Normal,-63.7,31.5,Normal
MTR-0088,2026-09-30 10:03:00,13.345137,101.028879,235.18,3.37,0.77,4164.67,0.972,50.02,Normal,-63.4,36.7,Normal
MTR-0089,2026-09-30 10:03:00,13.29809,101.120258,220.19,3.17,0.65,3033.17,0.926,49.96,Normal,-64.6,38.6,Normal
MTR-0090,2026-09-30 10:03:00,13.289915,101.093989,225.07,6.34,1.36,924.56,0.953,49.94,Normal,-72.9,33.8,Normal
MTR-0091,2026-09-30 10:03:00,13.3213,101.135903,224.94,2.63,0.57,3718.27,0.968,50.02,Normal,-62.6,26.9,Normal
MTR-0092,2026-09-30 10:03:00,13.297393,101.145441,230.75,5.14,1.14,1599.12,0.96,49.98,Normal,-56.9,33.2,Normal
MTR-0093,2026-09-30 10:03:00,13.377733,101.023376,229.99,3.11,0.66,4777.67,0.918,49.99,Normal,-60.5,37.4,Normal
MTR-0094,2026-09-30 10:03:00,13.300488,101.077433,227.97,3.38,0.73,4431.85,0.946,50.03,Normal,-53.4,35.6,Normal
MTR-0095,2026-09-30 10:03:00,13.312996,101.101132,224.68,1.71,0.38,3819.62,0.985,49.91,Normal,-70.5,33.4,Normal
MTR-0096,2026-09-30 10:03:00,13.346493,101.029583,233.95,2.35,0.53,4957.08,0.964,49.95,Normal,-74.9,38.0,Normal
MTR-0097,2026-09-30 10:03:00,13.334012,101.143632,227.78,1.52,0.33,599.28,0.955,50.09,Normal,-66.1,36.1,Normal
MTR-0098,2026-09-30 10:03:00,13.31982,101.137939,229.72,2.72,0.6,3947.03,0.959,49.99,Normal,-70.2,36.5,Normal
MTR-0099,2026-09-30 10:03:00,13.327068,101.127044,231.05,3.65,0.78,2018.74,0.922,49.91,Normal,-66.6,32.7,Normal
MTR-0100,2026-09-30 10:03:00,13.336579,101.108557,227.61,39.53,8.65,17266.94,0.961,49.97,High_Load,-61.7,32.1,Abnormal_Load
MTR-0101,2026-09-30 10:03:00,13.376416,101.008681,228.83,7.26,1.59,1716.91,0.959,50.07,Normal,-66.0,29.1,Normal
MTR-0102,2026-09-30 10:03:00,13.376957,101.027775,236.29,3.35,0.77,3893.16,0.975,49.98,Normal,-76.6,33.3,Normal
MTR-0103,2026-09-30 10:03:00,13.34464,101.031051,228.2,3.04,0.68,4618.91,0.98,50.02,Normal,-67.7,36.8,Normal
MTR-0104,2026-09-30 10:03:00,13.360121,101.006961,233.22,4.47,0.96,647.99,0.924,49.96,Normal,-60.7,33.2,Normal
MTR-0105,2026-09-30 10:03:00,13.348688,101.032002,229.47,1.93,0.42,2338.89,0.949,49.98,Normal,-57.7,36.3,Normal
MTR-0106,2026-09-30 10:03:00,13.390689,101.006956,237.47,3.4,0.8,4071.06,0.986,50.03,Normal,-56.4,37.9,Normal
MTR-0107,2026-09-30 10:03:00,13.334585,101.108651,229.38,2.14,0.45,2610.92,0.924,49.94,Normal,-57.4,34.7,Normal
MTR-0108,2026-09-30 10:03:00,13.291727,101.094322,232.85,6.25,1.43,1719.63,0.983,49.97,Normal,-64.1,36.0,Normal
MTR-0109,2026-09-30 10:03:00,13.289816,101.096096,231.53,1.89,0.43,1494.14,0.993,49.97,Normal,-58.5,29.4,Normal
MTR-0110,2026-09-30 10:03:00,13.376818,101.014961,228.92,3.16,0.72,1074.8,1.0,49.96,Normal,-61.8,33.2,Normal
MTR-0111,2026-09-30 10:03:00,13.355893,101.035718,227.39,3.65,0.8,4521.46,0.961,50.01,Normal,-62.0,40.0,Normal
MTR-0112,2026-09-30 10:03:00,13.388003,101.005748,224.9,3.48,0.75,3183.03,0.959,50.05,Normal,-71.6,34.4,Normal
MTR-0113,2026-09-30 10:03:00,13.318956,101.132524,225.37,2.37,0.52,812.89,0.973,50.02,Normal,-63.9,40.3,Normal
MTR-0114,2026-09-30 10:03:00,13.393386,101.010749,222.84,1.99,0.42,2267.32,0.958,50.03,Normal,-58.1,31.5,Normal
MTR-0115,2026-09-30 10:03:00,13.389978,101.009555,232.55,2.17,0.5,2196.79,0.985,50.02,Normal,-58.9,34.5,Normal
MTR-0116,2026-09-30 10:03:00,13.299898,101.123375,224.4,3.88,0.84,1313.36,0.97,50.03,Normal,-75.7,32.3,Normal
MTR-0117,2026-09-30 10:03:00,13.375113,101.016535,232.27,3.0,0.66,2518.75,0.948,50.01,Normal,-62.5,36.0,Normal
MTR-0118,2026-09-30 10:03:00,13.38751,101.009758,228.22,4.32,0.97,2027.59,0.986,50.0,Normal,-77.8,37.6,Normal
MTR-0119,2026-09-30 10:03:00,13.349674,101.013796,228.09,3.95,0.82,2073.66,0.907,50.06,Normal,-61.8,36.0,Normal
MTR-0120,2026-09-30 10:03:00,13.347558,101.019405,230.48,1.1,0.24,3960.41,0.944,50.01,Normal,-68.6,38.0,Normal
MTR-0121,2026-09-30 10:03:00,13.310076,101.101641,226.53,3.49,0.78,1510.59,0.99,50.04,Normal,-46.8,34.6,Normal
MTR-0122,2026-09-30 10:03:00,13.361394,101.006199,231.46,8.02,1.7,3499.05,0.917,50.02,Normal,-61.4,33.2,Normal
MTR-0123,2026-09-30 10:03:00,13.300064,101.124328,237.61,5.48,1.22,3160.74,0.936,50.06,Normal,-54.8,26.7,Normal
MTR-0124,2026-09-30 10:03:00,13.39212,101.00926,230.78,3.79,0.85,3148.54,0.97,49.99,Normal,-40.3,36.0,Normal
MTR-0125,2026-09-30 10:03:00,13.29882,101.122908,225.54,1.93,0.42,3599.34,0.962,50.05,Normal,-68.0,34.6,Normal
MTR-0126,2026-09-30 10:03:00,13.309424,101.102352,225.38,3.51,0.73,3054.9,0.922,49.97,Normal,-57.3,34.1,Normal
MTR-0127,2026-09-30 10:03:00,13.299092,101.11987,228.6,4.5,0.96,4626.58,0.937,50.04,Normal,-73.9,33.0,Normal
MTR-0128,2026-09-30 10:03:00,13.29756,101.121629,225.81,2.61,0.55,3659.08,0.932,50.02,Normal,-58.5,33.1,Normal
MTR-0129,2026-09-30 10:03:00,13.389727,101.008041,225.51,3.39,0.75,3048.17,0.976,50.0,Normal,-47.0,32.4,Normal
MTR-0130,2026-09-30 10:03:00,13.36172,101.004654,230.41,6.2,1.35,4391.54,0.946,49.97,Normal,-69.9,32.5,Normal
MTR-0131,2026-09-30 10:03:00,13.359947,101.007474,227.39,1.92,0.44,3329.26,1.0,49.98,Normal,-70.4,34.9,Normal
MTR-0132,2026-09-30 10:03:00,13.332474,101.110527,229.09,1.76,0.38,1833.0,0.948,50.03,Normal,-64.2,36.1,Normal
MTR-0133,2026-09-30 10:03:00,13.291174,101.093997,235.93,4.13,0.91,1433.82,0.933,50.02,Normal,-42.9,31.0,Normal
MTR-0134,2026-09-30 10:03:00,13.310427,101.099487,227.38,3.65,0.79,1173.66,0.95,49.99,Normal,-52.5,32.3,Normal
MTR-0135,2026-09-30 10:03:00,13.324605,101.138558,224.39,4.61,0.97,4722.53,0.933,50.02,Normal,-72.7,32.6,Normal
MTR-0136,2026-09-30 10:03:00,13.332909,101.108998,228.27,3.74,0.81,3823.24,0.944,50.01,Normal,-51.4,33.9,Normal
MTR-0137,2026-09-30 10:03:00,13.348699,101.029786,231.27,2.48,0.57,4902.61,0.987,49.94,Normal,-75.2,34.0,Normal
MTR-0138,2026-09-30 10:03:00,13.322502,101.136714,234.76,44.57,9.96,18314.42,0.952,49.96,High_Load,-45.3,36.3,Abnormal_Load
MTR-0139,2026-09-30 10:03:00,13.37785,101.029545,231.67,1.83,0.4,2698.71,0.932,50.02,Normal,-54.1,28.4,Normal
MTR-0140,2026-09-30 10:03:00,13.351962,101.013973,225.96,2.63,0.57,733.72,0.951,50.05,Normal,-49.7,28.4,Normal
MTR-0141,2026-09-30 10:03:00,13.360002,101.006498,233.63,4.04,0.91,3640.4,0.968,50.07,Normal,-76.7,34.7,Normal
MTR-0142,2026-09-30 10:03:00,13.331153,101.093411,235.37,2.66,0.57,3215.55,0.905,50.05,Normal,-61.5,32.3,Normal
MTR-0143,2026-09-30 10:03:00,13.391472,101.00612,226.49,9.29,2.03,5153.73,0.964,50.02,Normal,-63.1,37.2,Normal
MTR-0144,2026-09-30 10:03:00,13.379582,101.029203,228.61,1.38,0.29,1586.03,0.931,50.01,Normal,-71.8,38.2,Normal
MTR-0145,2026-09-30 10:03:00,13.335109,101.109442,239.62,2.43,0.55,2971.06,0.952,49.99,Normal,-74.1,35.1,Normal
MTR-0146,2026-09-30 10:03:00,13.29869,101.121206,227.15,2.02,0.43,3542.11,0.946,50.0,Normal,-59.5,29.7,Normal
MTR-0147,2026-09-30 10:03:00,13.336676,101.004738,220.73,2.24,0.44,3511.87,0.899,50.0,Normal,-55.2,38.0,Normal
MTR-0148,2026-09-30 10:03:00,13.33588,101.106084,236.23,2.32,0.53,3116.2,0.965,49.96,Normal,-53.4,34.0,Normal
MTR-0149,2026-09-30 10:03:00,13.3849,101.034764,236.07,1.76,0.4,4140.46,0.954,50.02,Normal,-69.0,28.1,Normal
MTR-0150,2026-09-30 10:03:00,13.387754,101.009596,224.87,4.05,0.85,1423.78,0.938,50.03,Normal,-64.3,28.2,Normal
MTR-0151,2026-09-30 10:03:00,13.376127,101.026556,229.69,2.41,0.52,3896.79,0.931,49.99,Normal,-73.6,39.1,Normal
MTR-0152,2026-09-30 10:03:00,13.306211,101.075246,222.67,3.3,0.67,3393.83,0.917,50.02,Normal,-48.0,38.2,Normal
MTR-0153,2026-09-30 10:03:00,13.346718,101.029122,226.71,2.66,0.58,4706.42,0.965,49.9,Normal,-62.6,25.8,Normal
MTR-0154,2026-09-30 10:03:00,13.321089,101.135184,233.6,2.32,0.53,4474.23,0.972,50.01,Normal,-57.2,29.4,Normal
MTR-0155,2026-09-30 10:03:00,13.389205,101.007059,226.99,5.97,1.26,1947.12,0.933,49.99,Normal,-57.1,38.2,Normal
MTR-0156,2026-09-30 10:03:00,13.389028,101.007735,233.89,4.23,0.93,1762.25,0.937,49.99,Normal,-49.4,34.3,Normal
MTR-0157,2026-09-30 10:03:00,13.360179,101.006106,232.61,1.3,0.29,5112.88,0.947,50.0,Normal,-68.9,36.9,Normal
MTR-0158,2026-09-30 10:03:00,13.30147,101.120517,231.36,1.3,0.3,2954.54,0.996,49.96,Normal,-58.2,33.9,Normal
MTR-0159,2026-09-30 10:03:00,13.375019,101.026161,226.52,4.92,1.08,4755.62,0.973,50.03,Normal,-63.1,36.3,Normal
MTR-0160,2026-09-30 10:03:00,13.332196,101.111037,227.24,2.29,0.48,1228.49,0.928,49.97,Normal,-45.5,34.2,Normal
MTR-0161,2026-09-30 10:03:00,13.338077,101.125124,221.15,1.52,0.32,3503.42,0.959,49.97,Normal,-71.2,32.4,Normal
MTR-0162,2026-09-30 10:03:00,13.307676,101.098084,227.5,5.18,1.1,4296.97,0.932,49.99,Normal,-52.2,38.0,Normal
MTR-0163,2026-09-30 10:03:00,13.344124,101.031176,236.69,3.17,0.73,4950.22,0.969,50.05,Normal,-59.3,35.0,Normal
MTR-0164,2026-09-30 10:03:00,13.300397,101.122871,222.75,3.3,0.73,2052.46,0.995,49.98,Normal,-58.8,36.7,Normal
MTR-0165,2026-09-30 10:03:00,13.288421,101.136128,224.96,4.11,0.91,3893.78,0.988,49.99,Normal,-61.7,34.0,Normal
MTR-0166,2026-09-30 10:03:00,13.359921,101.006189,233.06,1.78,0.4,3009.42,0.972,50.0,Normal,-50.4,32.0,Normal
MTR-0167,2026-09-30 10:03:00,13.332362,101.107451,232.26,1.38,0.3,738.02,0.942,50.0,Normal,-63.2,39.5,Normal
MTR-0168,2026-09-30 10:03:00,13.392406,101.007061,230.56,6.07,1.28,3727.66,0.917,49.92,Normal,-76.2,34.9,Normal
MTR-0169,2026-09-30 10:03:00,13.378458,101.026928,223.52,1.66,0.34,3727.99,0.913,50.03,Normal,-50.2,32.4,Normal
MTR-0170,2026-09-30 10:03:00,13.289913,101.097635,241.53,1.81,0.38,4870.43,0.878,49.99,Normal,-54.4,38.7,Normal
MTR-0171,2026-09-30 10:03:00,13.31744,101.132608,220.99,1.79,0.38,2812.29,0.967,50.01,Normal,-58.3,28.9,Normal
MTR-0172,2026-09-30 10:03:00,13.308644,101.102228,231.82,8.14,1.78,1543.9,0.941,49.99,Normal,-70.5,41.7,Normal
MTR-0173,2026-09-30 10:03:00,13.3493,101.015537,228.87,3.84,0.85,661.78,0.962,50.04,Normal,-70.4,33.7,Normal
MTR-0174,2026-09-30 10:03:00,13.323179,101.140504,223.58,4.7,1.03,2424.44,0.981,50.1,Normal,-79.4,29.1,Normal
MTR-0175,2026-09-30 10:03:00,13.33253,101.108968,226.87,3.23,0.69,1884.19,0.947,50.0,Normal,-58.1,40.6,Normal
MTR-0176,2026-09-30 10:03:00,13.313337,101.0764,230.3,2.36,0.52,4065.23,0.957,49.97,Normal,-78.2,32.5,Normal
MTR-0177,2026-09-30 10:03:00,13.301656,101.124399,223.7,4.13,0.87,2132.88,0.946,50.01,Normal,-78.2,34.9,Normal
MTR-0178,2026-09-30 10:03:00,13.380189,101.028446,235.62,1.44,0.32,4958.12,0.947,50.02,Normal,-49.7,36.8,Normal
MTR-0179,2026-09-30 10:03:00,13.376016,101.005768,227.34,1.84,0.4,5021.03,0.964,49.89,Normal,-57.4,38.2,Normal
MTR-0180,2026-09-30 10:03:00,13.332121,101.109507,220.09,4.41,0.92,3399.43,0.95,50.01,Normal,-64.1,35.4,Normal
MTR-0181,2026-09-30 10:03:00,13.283214,101.124748,222.24,1.67,0.35,4861.17,0.95,50.0,Normal,-64.5,31.5,Normal
MTR-0182,2026-09-30 10:03:00,13.345471,101.030504,232.83,2.74,0.6,4064.14,0.942,50.04,Normal,-87.6,35.1,Normal
MTR-0183,2026-09-30 10:03:00,13.34559,101.009291,220.98,3.0,0.65,3047.65,0.978,50.04,Normal,-54.4,31.8,Normal
MTR-0184,2026-09-30 10:03:00,13.348902,101.027981,229.9,2.38,0.51,1306.52,0.931,50.0,Normal,-71.6,34.6,Normal
MTR-0185,2026-09-30 10:03:00,13.307481,101.09972,230.29,1.35,0.3,2628.37,0.953,50.06,Normal,-61.1,40.5,Normal
MTR-0186,2026-09-30 10:03:00,13.357945,101.006452,221.02,2.38,0.5,3114.21,0.957,50.11,Normal,-82.5,36.9,Normal
MTR-0187,2026-09-30 10:03:00,13.374198,101.023289,234.8,2.11,0.49,4553.88,0.981,50.0,Normal,-54.5,34.8,Normal
MTR-0188,2026-09-30 10:03:00,13.380024,101.030651,217.87,3.42,0.7,2736.42,0.943,50.03,Normal,-68.7,36.9,Normal
MTR-0189,2026-09-30 10:03:00,13.287244,101.096006,230.62,2.99,0.64,4714.04,0.931,49.95,Normal,-77.8,37.0,Normal
MTR-0190,2026-09-30 10:03:00,13.378585,101.026014,228.45,3.32,0.71,3653.25,0.941,49.98,Normal,-67.2,30.2,Normal
MTR-0191,2026-09-30 10:03:00,13.318051,101.136934,229.62,58.05,12.44,18935.58,0.933,49.96,High_Load,-67.7,34.1,Abnormal_Load
MTR-0192,2026-09-30 10:03:00,13.335406,101.108503,223.46,3.98,0.89,5176.27,0.997,49.98,Normal,-54.4,43.1,Normal
MTR-0193,2026-09-30 10:03:00,13.309466,101.099637,223.74,1.58,0.33,2954.39,0.92,49.96,Normal,-64.4,38.5,Normal
MTR-0194,2026-09-30 10:03:00,13.289261,101.134962,236.61,1.23,0.27,2311.36,0.917,49.99,Normal,-52.2,31.9,Normal
MTR-0195,2026-09-30 10:03:00,13.346968,101.030099,235.1,1.0,0.22,3580.82,0.928,50.0,Normal,-59.2,32.2,Normal
MTR-0196,2026-09-30 10:03:00,13.299079,101.122301,231.52,2.41,0.53,967.3,0.954,50.02,Normal,-56.6,32.3,Normal
MTR-0197,2026-09-30 10:03:00,13.2927,101.094556,236.27,2.24,0.51,3473.62,0.972,49.98,Normal,-64.1,37.1,Normal
MTR-0198,2026-09-30 10:03:00,13.322411,101.136944,234.19,4.55,1.0,2816.74,0.935,49.93,Normal,-51.4,40.1,Normal
MTR-0199,2026-09-30 10:03:00,13.360171,101.004449,228.58,2.22,0.46,2381.76,0.906,50.03,Normal,-70.5,36.1,Normal
MTR-0200,2026-09-30 10:03:00,13.349326,101.016172,228.9,3.36,0.73,4976.94,0.947,50.0,Normal,-61.6,34.0,Normal
MTR-0201,2026-09-30 10:03:00,13.358013,101.006127,222.53,4.2,0.88,2932.18,0.945,49.98,Normal,-66.3,32.1,Normal
MTR-0202,2026-09-30 10:03:00,13.38124,101.026436,227.13,2.31,0.51,1490.87,0.967,50.01,Normal,-52.3,35.4,Normal
MTR-0203,2026-09-30 10:03:00,13.357519,101.005204,232.18,3.68,0.82,2630.17,0.954,49.94,Normal,-47.8,31.5,Normal
MTR-0204,2026-09-30 10:03:00,13.391741,101.007739,226.92,4.89,1.07,4817.21,0.967,50.01,Normal,-63.5,27.2,Normal
MTR-0205,2026-09-30 10:03:00,13.332679,101.111925,233.5,48.08,10.06,24497.14,0.896,50.06,High_Load,-74.9,39.6,Abnormal_Load
MTR-0206,2026-09-30 10:03:00,13.389179,101.010806,228.25,35.02,7.62,13801.58,0.953,49.94,High_Load,-59.3,31.1,Abnormal_Load
MTR-0207,2026-09-30 10:03:00,13.377235,101.030435,222.92,2.15,0.45,511.95,0.93,49.97,Normal,-76.0,33.0,Normal
MTR-0208,2026-09-30 10:03:00,13.347712,101.002257,223.11,1.83,0.4,517.45,0.978,49.99,Normal,-48.1,36.5,Normal
MTR-0209,2026-09-30 10:03:00,13.378079,101.025559,233.35,1.5,0.32,4389.64,0.919,50.0,Normal,-66.2,38.3,Normal
MTR-0210,2026-09-30 10:03:00,13.323205,101.135682,230.94,1.77,0.38,3927.62,0.937,50.02,Normal,-60.9,34.2,Normal
MTR-0211,2026-09-30 10:03:00,13.349235,101.029068,230.52,3.22,0.69,2136.54,0.931,50.0,Normal,-68.3,29.8,Normal
MTR-0212,2026-09-30 10:03:00,13.30299,101.12169,226.52,1.49,0.33,3767.01,0.988,50.04,Normal,-74.5,32.8,Normal
MTR-0213,2026-09-30 10:03:00,13.32113,101.134366,229.35,2.53,0.55,2327.29,0.955,50.0,Normal,-58.0,31.7,Normal
MTR-0214,2026-09-30 10:03:00,13.288509,101.095436,235.5,4.28,0.94,4976.38,0.934,49.94,Normal,-64.5,34.5,Normal
MTR-0215,2026-09-30 10:03:00,13.377974,101.026973,237.99,3.64,0.83,5043.6,0.959,49.98,Normal,-62.8,38.8,Normal
MTR-0216,2026-09-30 10:03:00,13.347177,101.027866,236.99,2.27,0.51,2315.83,0.951,50.02,Normal,-72.7,24.7,Normal
MTR-0217,2026-09-30 10:03:00,13.354891,101.008585,230.62,6.0,1.32,4507.72,0.952,50.02,Normal,-55.6,32.4,Normal
MTR-0218,2026-09-30 10:03:00,13.285037,101.084917,230.68,6.88,1.46,4122.36,0.922,50.01,Normal,-52.8,32.6,Normal
MTR-0219,2026-09-30 10:03:00,13.377036,101.027297,229.55,3.16,0.71,1922.59,0.973,50.01,Normal,-63.9,29.8,Normal
MTR-0220,2026-09-30 10:03:00,13.378369,101.033196,232.88,1.05,0.23,1552.22,0.948,49.97,Normal,-48.3,36.4,Normal
MTR-0221,2026-09-30 10:03:00,13.324611,101.090931,231.83,4.37,1.0,2626.75,0.991,49.98,Normal,-63.4,28.8,Normal
MTR-0222,2026-09-30 10:03:00,13.346243,101.030011,236.01,1.15,0.26,4161.44,0.973,50.03,Normal,-56.7,29.4,Normal
MTR-0223,2026-09-30 10:03:00,13.309985,101.097302,238.24,5.49,1.27,5010.97,0.97,50.02,Normal,-77.8,37.0,Normal
MTR-0224,2026-09-30 10:03:00,13.387937,101.004873,229.39,5.05,1.09,4077.15,0.937,50.03,Normal,-58.2,39.5,Normal
MTR-0225,2026-09-30 10:03:00,13.32423,101.139012,241.08,6.89,1.54,4512.41,0.926,49.98,Normal,-64.3,33.8,Normal
MTR-0226,2026-09-30 10:03:00,13.391135,101.007441,234.38,3.18,0.71,3314.65,0.948,49.94,Normal,-59.8,29.6,Normal
MTR-0227,2026-09-30 10:03:00,13.307368,101.138861,229.09,2.66,0.56,4418.25,0.925,49.98,Normal,-63.3,32.6,Normal
MTR-0228,2026-09-30 10:03:00,13.35155,101.015301,238.65,2.42,0.56,4176.06,0.965,50.04,Normal,-59.7,37.8,Normal
MTR-0229,2026-09-30 10:03:00,13.377314,101.025917,238.27,2.41,0.57,2240.74,0.988,49.96,Normal,-61.3,34.2,Normal
MTR-0230,2026-09-30 10:03:00,13.29286,101.094801,226.65,4.84,1.03,3072.07,0.937,50.01,Normal,-66.8,33.3,Normal
MTR-0231,2026-09-30 10:03:00,13.309596,101.100111,237.18,4.45,1.02,4272.7,0.97,50.01,Normal,-56.1,34.5,Normal
MTR-0232,2026-09-30 10:03:00,13.335494,101.107883,235.48,3.13,0.69,668.86,0.942,50.03,Normal,-53.8,34.0,Normal
MTR-0233,2026-09-30 10:03:00,13.303556,101.09892,240.02,2.18,0.49,4288.44,0.943,50.05,Normal,-74.2,39.6,Normal
MTR-0234,2026-09-30 10:03:00,13.298097,101.142394,227.01,10.34,2.19,1295.23,0.933,50.04,Normal,-71.1,31.4,Normal
MTR-0235,2026-09-30 10:03:00,13.365975,101.022808,229.09,4.78,0.99,2894.87,0.904,49.98,Normal,-69.0,31.1,Normal
MTR-0236,2026-09-30 10:03:00,13.376695,101.027546,218.49,1.57,0.32,4289.34,0.942,49.95,Normal,-73.8,29.0,Normal
MTR-0237,2026-09-30 10:03:00,13.376589,101.002193,233.63,2.51,0.56,1655.71,0.952,49.99,Normal,-67.1,31.4,Normal
MTR-0238,2026-09-30 10:03:00,13.350756,101.020064,232.0,4.26,0.96,1617.72,0.975,49.97,Normal,-54.8,30.2,Normal
MTR-0239,2026-09-30 10:03:00,13.377436,101.031527,225.19,1.96,0.42,2363.19,0.957,49.99,Normal,-49.3,34.9,Normal
MTR-0240,2026-09-30 10:03:00,13.348305,101.030019,227.29,3.36,0.74,4699.64,0.967,50.06,Normal,-63.8,34.8,Normal
MTR-0241,2026-09-30 10:03:00,13.359054,101.005814,223.49,4.47,0.92,452.22,0.922,50.01,Normal,-67.9,30.1,Normal
MTR-0242,2026-09-30 10:03:00,13.310095,101.099891,232.9,0.62,0.14,4731.6,0.969,50.02,Normal,-56.9,35.8,Normal
MTR-0243,2026-09-30 10:03:00,13.353417,101.045971,225.32,2.75,0.61,1180.65,0.99,50.0,Normal,-84.8,39.3,Normal
MTR-0244,2026-09-30 10:03:00,13.377988,101.02935,242.44,2.78,0.65,5153.0,0.96,49.96,Normal,-74.1,36.2,Normal
MTR-0245,2026-09-30 10:03:00,13.355919,101.005102,228.2,2.3,0.52,4985.58,0.993,49.92,Normal,-85.0,24.7,Normal
MTR-0246,2026-09-30 10:03:00,13.335109,101.108665,225.31,3.59,0.8,2799.8,0.988,49.98,Normal,-72.0,41.0,Normal
MTR-0247,2026-09-30 10:03:00,13.387038,101.004093,226.88,4.17,0.9,2885.52,0.946,50.12,Normal,-69.8,35.9,Normal
MTR-0248,2026-09-30 10:03:00,13.375093,101.028803,219.74,3.31,0.68,2737.45,0.932,49.96,Normal,-50.4,41.1,Normal
MTR-0249,2026-09-30 10:03:00,13.312355,101.100681,231.06,2.68,0.58,3468.42,0.936,49.93,Normal,-88.7,37.7,Normal
MTR-0250,2026-09-30 10:03:00,13.346931,101.028898,227.09,3.92,0.81,881.02,0.912,50.05,Normal,-68.6,38.8,Normal
MTR-0251,2026-09-30 10:03:00,13.352528,101.015825,236.09,3.0,0.67,605.03,0.94,50.04,Normal,-58.0,34.4,Normal
MTR-0252,2026-09-30 10:03:00,13.309989,101.103115,227.48,2.53,0.57,724.16,0.985,50.01,Normal,-55.9,33.2,Normal
MTR-0253,2026-09-30 10:03:00,13.345728,101.02014,237.21,1.65,0.35,2560.78,0.892,50.05,Normal,-47.8,35.7,Normal
MTR-0254,2026-09-30 10:03:00,13.357473,101.014131,231.13,1.38,0.29,1758.88,0.918,49.97,Normal,-61.9,32.0,Normal
MTR-0255,2026-09-30 10:03:00,13.359694,101.007138,230.37,1.61,0.35,3404.72,0.956,50.0,Normal,-58.7,35.6,Normal
MTR-0256,2026-09-30 10:03:00,13.378463,101.029141,235.74,3.46,0.76,5164.19,0.931,50.03,Normal,-82.0,25.3,Normal
MTR-0257,2026-09-30 10:03:00,13.359263,101.004347,235.19,2.73,0.61,2285.13,0.944,50.06,Normal,-70.4,35.2,Normal
MTR-0258,2026-09-30 10:03:00,13.377556,101.025421,243.18,1.62,0.36,3175.78,0.924,49.97,Normal,-79.0,39.2,Normal
MTR-0259,2026-09-30 10:03:00,13.332824,101.10737,225.81,3.97,0.85,2424.24,0.943,50.05,Normal,-59.3,34.0,Normal
MTR-0260,2026-09-30 10:03:00,13.310751,101.094676,231.43,5.85,1.26,4474.69,0.933,50.01,Normal,-59.9,40.0,Normal
MTR-0261,2026-09-30 10:03:00,13.33598,101.019283,235.17,2.32,0.5,4735.68,0.925,50.0,Normal,-60.9,33.3,Normal
MTR-0262,2026-09-30 10:03:00,13.390976,101.009447,221.68,1.39,0.3,4617.47,0.964,50.02,Normal,-71.3,38.2,Normal
MTR-0263,2026-09-30 10:03:00,13.346911,101.02962,236.52,2.2,0.51,5078.33,0.974,49.97,Normal,-75.1,31.1,Normal
MTR-0264,2026-09-30 10:03:00,13.312241,101.100321,231.06,4.18,0.88,580.84,0.914,50.03,Normal,-62.4,37.5,Normal
MTR-0265,2026-09-30 10:03:00,13.311911,101.101868,223.64,4.1,0.8,4439.22,0.876,50.0,Normal,-69.6,34.5,Normal
MTR-0266,2026-09-30 10:03:00,13.344338,101.120894,221.19,2.12,0.46,4020.98,0.978,49.97,Normal,-73.5,33.6,Normal
MTR-0267,2026-09-30 10:03:00,13.30196,101.120575,224.66,5.66,1.16,1536.45,0.915,50.03,Normal,-66.0,25.2,Normal
MTR-0268,2026-09-30 10:03:00,13.352701,101.018123,216.54,5.24,1.08,4992.66,0.948,50.0,Normal,-68.6,33.1,Normal
MTR-0269,2026-09-30 10:03:00,13.339386,101.017415,224.48,2.0,0.41,1153.91,0.912,50.0,Normal,-71.3,34.5,Normal
MTR-0270,2026-09-30 10:03:00,13.309957,101.095518,233.11,2.15,0.49,3677.92,0.974,50.02,Normal,-75.6,36.7,Normal
MTR-0271,2026-09-30 10:03:00,13.312643,101.100096,224.81,2.38,0.54,1518.29,1.0,50.01,Normal,-61.8,39.5,Normal
MTR-0272,2026-09-30 10:03:00,13.310165,101.097806,236.1,2.56,0.57,2499.12,0.95,50.03,Normal,-50.5,40.8,Normal
MTR-0273,2026-09-30 10:03:00,13.308628,101.095989,238.39,4.27,0.98,3866.13,0.958,49.99,Normal,-66.5,38.5,Normal
MTR-0274,2026-09-30 10:03:00,13.324541,101.134859,236.01,3.51,0.78,3125.89,0.936,50.02,Normal,-65.3,32.0,Normal
MTR-0275,2026-09-30 10:03:00,13.346784,101.028646,229.38,4.54,1.01,2480.75,0.972,50.03,Normal,-59.1,32.7,Normal
MTR-0276,2026-09-30 10:03:00,13.325147,101.135076,217.85,4.12,0.86,2000.22,0.962,50.06,Normal,-60.5,36.4,Normal
MTR-0277,2026-09-30 10:03:00,13.291538,101.09504,224.4,6.42,1.42,4438.56,0.984,49.99,Normal,-68.1,35.1,Normal
MTR-0278,2026-09-30 10:03:00,13.309081,101.101572,228.74,1.85,0.4,1133.18,0.945,50.0,Normal,-47.8,39.6,Normal
MTR-0279,2026-09-30 10:03:00,13.322685,101.135506,225.82,3.46,0.76,2493.08,0.972,50.01,Normal,-72.7,42.6,Normal
MTR-0280,2026-09-30 10:03:00,13.290295,101.092905,228.63,1.21,0.26,4742.88,0.929,50.0,Normal,-57.0,41.7,Normal
MTR-0281,2026-09-30 10:03:00,13.309837,101.100165,238.06,1.53,0.34,4467.84,0.925,50.03,Normal,-57.9,38.6,Normal
MTR-0282,2026-09-30 10:03:00,13.298691,101.123392,221.5,2.93,0.62,2354.56,0.948,49.99,Normal,-78.0,34.7,Normal
MTR-0283,2026-09-30 10:03:00,13.289721,101.097117,238.51,3.87,0.86,4074.87,0.931,50.0,Normal,-66.4,38.5,Normal
MTR-0284,2026-09-30 10:03:00,13.359202,101.004966,234.22,2.84,0.65,4360.1,0.98,50.02,Normal,-62.1,39.9,Normal
MTR-0285,2026-09-30 10:03:00,13.343972,101.004207,232.75,2.18,0.48,4672.28,0.937,50.0,Normal,-62.5,33.8,Normal
MTR-0286,2026-09-30 10:03:00,13.290608,101.094067,226.56,2.69,0.59,3036.46,0.966,49.98,Normal,-59.9,32.3,Normal
MTR-0287,2026-09-30 10:03:00,13.352962,101.018944,221.5,5.92,1.22,1421.34,0.929,49.97,Normal,-59.4,31.2,Normal
MTR-0288,2026-09-30 10:03:00,13.378201,101.026632,219.89,41.6,8.21,9227.7,0.898,50.01,High_Load,-63.0,30.6,Abnormal_Load
MTR-0289,2026-09-30 10:03:00,13.288641,101.097088,236.34,6.4,1.41,1854.74,0.935,50.0,Normal,-62.9,29.2,Normal
MTR-0290,2026-09-30 10:03:00,13.378794,101.02772,238.51,3.99,0.87,3270.68,0.911,49.94,Normal,-65.3,34.4,Normal
MTR-0291,2026-09-30 10:03:00,13.324002,101.1377,223.07,3.4,0.73,605.94,0.956,50.01,Normal,-74.3,30.5,Normal
MTR-0292,2026-09-30 10:03:00,13.33433,101.109957,225.39,1.71,0.36,3471.25,0.942,50.05,Normal,-64.5,31.0,Normal
MTR-0293,2026-09-30 10:03:00,13.3089,101.099207,232.72,4.28,0.96,2180.8,0.96,49.96,Normal,-56.1,36.4,Normal
MTR-0294,2026-09-30 10:03:00,13.358413,101.004652,227.82,2.25,0.48,1852.46,0.941,49.99,Normal,-53.4,34.3,Normal
MTR-0295,2026-09-30 10:03:00,13.29947,101.120254,214.62,1.67,0.33,4627.64,0.917,49.97,Normal,-60.7,35.3,Normal
MTR-0296,2026-09-30 10:03:00,13.289911,101.095007,225.45,3.7,0.82,2635.12,0.982,50.01,Normal,-50.6,38.8,Normal
MTR-0297,2026-09-30 10:03:00,13.299027,101.124523,237.96,1.55,0.36,901.55,0.966,49.98,Normal,-57.0,36.9,Normal
MTR-0298,2026-09-30 10:03:00,13.299661,101.122173,225.37,2.25,0.48,4377.11,0.949,49.99,Normal,-55.6,39.6,Normal
MTR-0299,2026-09-30 10:03:00,13.323492,101.141435,227.5,2.96,0.64,676.39,0.946,50.04,Normal,-56.0,34.7,Normal
MTR-0300,2026-09-30 10:03:00,13.363445,101.02093,221.8,8.18,1.76,3902.28,0.972,50.06,Normal,-64.0,39.6,Normal
MTR-0001,2026-09-30 10:04:00,13.321586,101.133228,235.26,3.74,0.82,1827.5,0.93,50.0,Normal,-51.0,36.4,Normal
MTR-0002,2026-09-30 10:04:00,13.325157,101.13744,232.7,3.26,0.71,3125.74,0.934,50.01,Normal,-69.7,31.0,Normal
MTR-0003,2026-09-30 10:04:00,13.385169,101.032607,232.03,2.23,0.5,1019.86,0.963,50.03,Normal,-69.1,35.3,Normal
MTR-0004,2026-09-30 10:04:00,13.345857,101.031082,235.04,1.71,0.37,4804.83,0.914,50.0,Normal,-67.4,35.2,Normal
MTR-0005,2026-09-30 10:04:00,13.311326,101.100224,234.81,5.4,1.22,3873.32,0.962,50.02,Normal,-63.3,38.4,Normal
MTR-0006,2026-09-30 10:04:00,13.375672,101.027817,233.6,1.37,0.32,2356.91,0.985,50.02,Normal,-66.5,35.9,Normal
MTR-0007,2026-09-30 10:04:00,13.321649,101.131883,230.32,4.04,0.88,1203.6,0.946,50.02,Normal,-66.9,37.3,Normal
MTR-0008,2026-09-30 10:04:00,13.299997,101.120436,228.37,1.08,0.24,4639.5,0.981,50.04,Normal,-70.6,33.6,Normal
MTR-0009,2026-09-30 10:04:00,13.321307,101.133288,228.9,4.07,0.9,4363.1,0.961,49.97,Normal,-56.4,32.9,Normal
MTR-0010,2026-09-30 10:04:00,13.345983,101.030632,226.07,4.64,0.99,3878.34,0.941,50.08,Normal,-47.9,32.5,Normal
MTR-0011,2026-09-30 10:04:00,13.359555,101.004516,219.45,4.55,0.95,1740.02,0.95,50.08,Normal,-48.5,34.3,Normal
MTR-0012,2026-09-30 10:04:00,13.397533,101.010324,226.37,2.79,0.6,2361.72,0.95,50.02,Normal,-66.9,27.1,Normal
MTR-0013,2026-09-30 10:04:00,13.390526,101.007937,232.09,73.18,16.24,15054.68,0.956,50.04,High_Load,-55.5,38.0,Abnormal_Load
MTR-0014,2026-09-30 10:04:00,13.331895,101.108595,224.76,8.51,1.82,1348.26,0.951,50.03,Normal,-61.7,34.4,Normal
MTR-0015,2026-09-30 10:04:00,13.348485,101.029246,226.75,34.68,7.18,19809.88,0.913,50.0,High_Load,-66.7,33.2,Abnormal_Load
MTR-0016,2026-09-30 10:04:00,13.290696,101.095579,229.32,57.21,12.25,26622.27,0.934,50.02,High_Load,-55.8,25.5,Abnormal_Load
MTR-0017,2026-09-30 10:04:00,13.379457,101.023388,236.02,3.24,0.67,3269.18,0.88,49.95,Normal,-68.3,34.2,Normal
MTR-0018,2026-09-30 10:04:00,13.391498,101.009706,228.38,2.42,0.53,4704.78,0.951,50.0,Normal,-66.3,32.8,Normal
MTR-0019,2026-09-30 10:04:00,13.323387,101.136134,235.02,2.34,0.5,3220.6,0.912,50.03,Normal,-75.7,30.6,Normal
MTR-0020,2026-09-30 10:04:00,13.356917,101.003851,216.72,2.37,0.48,2668.18,0.944,50.01,Normal,-65.3,31.3,Normal
MTR-0021,2026-09-30 10:04:00,13.291978,101.097794,236.26,7.0,1.56,2067.01,0.941,49.96,Normal,-59.7,34.5,Normal
MTR-0022,2026-09-30 10:04:00,13.321117,101.138478,236.87,4.3,1.0,4917.29,0.98,49.95,Normal,-46.5,32.0,Normal
MTR-0023,2026-09-30 10:04:00,13.380831,101.029596,232.3,2.39,0.53,842.98,0.959,50.04,Normal,-64.9,36.4,Normal
MTR-0024,2026-09-30 10:04:00,13.309089,101.1446,220.48,1.0,0.21,4871.76,0.963,50.0,Normal,-71.9,31.3,Normal
MTR-0025,2026-09-30 10:04:00,13.359953,101.007159,233.01,1.53,0.35,4376.93,0.977,49.98,Normal,-50.0,34.0,Normal
MTR-0026,2026-09-30 10:04:00,13.360794,101.006595,228.25,3.7,0.83,1067.31,0.988,50.02,Normal,-69.6,38.4,Normal
MTR-0027,2026-09-30 10:04:00,13.377603,101.027523,217.24,1.06,0.22,3133.72,0.947,50.01,Normal,-80.1,33.8,Normal
MTR-0028,2026-09-30 10:04:00,13.337603,101.083577,235.84,43.26,9.44,18642.01,0.925,50.02,High_Load,-64.3,35.5,Abnormal_Load
MTR-0029,2026-09-30 10:04:00,13.361236,101.004001,237.57,1.74,0.4,3166.17,0.961,50.0,Normal,-65.4,34.1,Normal
MTR-0030,2026-09-30 10:04:00,13.333614,101.107908,220.62,3.19,0.66,4759.32,0.934,49.96,Normal,-43.6,34.1,Normal
MTR-0031,2026-09-30 10:04:00,13.35782,101.005237,229.09,2.87,0.62,4929.29,0.938,49.97,Normal,-56.6,33.4,Normal
MTR-0032,2026-09-30 10:04:00,13.322493,101.133079,237.62,3.16,0.67,2456.45,0.887,49.98,Normal,-65.7,32.7,Normal
MTR-0033,2026-09-30 10:04:00,13.386509,101.004756,234.42,2.41,0.52,2242.32,0.929,49.99,Normal,-72.5,34.4,Normal
MTR-0034,2026-09-30 10:04:00,13.311095,101.100439,232.27,2.31,0.49,4897.61,0.91,50.0,Normal,-60.3,33.5,Normal
MTR-0035,2026-09-30 10:04:00,13.286745,101.09589,215.79,2.27,0.48,3657.0,0.98,50.04,Normal,-51.3,39.5,Normal
MTR-0036,2026-09-30 10:04:00,13.366725,101.043929,232.03,3.7,0.82,1001.23,0.951,49.99,Normal,-58.3,36.3,Normal
MTR-0037,2026-09-30 10:04:00,13.3544,101.017751,228.15,4.27,0.92,651.05,0.943,49.99,Normal,-68.3,29.4,Normal
MTR-0038,2026-09-30 10:04:00,13.294571,101.095675,231.64,1.7,0.37,3132.05,0.935,50.0,Normal,-61.0,29.5,Normal
MTR-0039,2026-09-30 10:04:00,13.322507,101.138412,229.64,2.71,0.59,4868.42,0.947,49.98,Normal,-66.6,33.6,Normal
MTR-0040,2026-09-30 10:04:00,13.290459,101.144286,227.89,3.09,0.65,4460.3,0.924,50.01,Normal,-59.1,32.9,Normal
MTR-0041,2026-09-30 10:04:00,13.346154,101.028225,233.89,3.16,0.71,3660.4,0.954,50.02,Normal,-65.9,33.6,Normal
MTR-0042,2026-09-30 10:04:00,13.357013,101.005608,225.55,3.39,0.73,1110.92,0.955,50.04,Normal,-65.1,36.5,Normal
MTR-0043,2026-09-30 10:04:00,13.336515,101.109555,228.44,68.11,14.83,15838.93,0.953,50.05,High_Load,-65.8,35.2,Abnormal_Load
MTR-0044,2026-09-30 10:04:00,13.322508,101.134124,226.94,3.16,0.66,4608.8,0.924,50.08,Normal,-56.4,35.0,Normal
MTR-0045,2026-09-30 10:04:00,13.351336,101.018107,219.01,3.73,0.8,1318.47,0.978,50.01,Normal,-66.4,39.1,Normal
MTR-0046,2026-09-30 10:04:00,13.2984,101.122502,232.42,3.43,0.75,1772.71,0.942,50.06,Normal,-68.4,29.2,Normal
MTR-0047,2026-09-30 10:04:00,13.306399,101.103196,226.15,3.52,0.74,1065.72,0.926,49.99,Normal,-71.1,34.8,Normal
MTR-0048,2026-09-30 10:04:00,13.313413,101.102975,226.39,44.14,9.24,8909.66,0.925,50.05,High_Load,-60.2,32.1,Abnormal_Load
MTR-0049,2026-09-30 10:04:00,13.302335,101.121506,228.5,1.33,0.28,4933.96,0.927,49.97,Normal,-59.9,38.2,Normal
MTR-0050,2026-09-30 10:04:00,13.334788,101.108951,218.11,4.32,0.89,1727.76,0.948,50.02,Normal,-69.1,27.1,Normal
MTR-0051,2026-09-30 10:04:00,13.357349,101.008621,220.7,3.32,0.7,2708.3,0.961,50.0,Normal,-69.3,26.7,Normal
MTR-0052,2026-09-30 10:04:00,13.362144,101.038293,226.24,1.88,0.4,3463.19,0.941,50.0,Normal,-46.9,35.2,Normal
MTR-0053,2026-09-30 10:04:00,13.322484,101.135798,231.55,4.62,1.06,5197.62,0.991,50.01,Normal,-79.0,38.1,Normal
MTR-0054,2026-09-30 10:04:00,13.323289,101.12588,231.7,2.6,0.58,947.94,0.967,49.96,Normal,-58.9,37.1,Normal
MTR-0055,2026-09-30 10:04:00,13.28931,101.097822,221.29,2.52,0.53,2818.29,0.945,50.0,Normal,-50.8,31.2,Normal
MTR-0056,2026-09-30 10:04:00,13.29991,101.121088,233.77,2.49,0.54,2279.4,0.92,49.98,Normal,-95.6,38.9,Normal
MTR-0057,2026-09-30 10:04:00,13.351834,101.019129,225.67,3.55,0.76,4562.77,0.95,50.02,Normal,-54.9,29.9,Normal
MTR-0058,2026-09-30 10:04:00,13.289929,101.092811,223.46,2.1,0.44,2710.93,0.928,50.04,Normal,-67.2,38.8,Normal
MTR-0059,2026-09-30 10:04:00,13.344212,101.018391,224.63,4.81,0.97,977.29,0.9,49.97,Normal,-59.5,30.0,Normal
MTR-0060,2026-09-30 10:04:00,13.288829,101.09419,232.65,2.69,0.61,3463.61,0.972,50.01,Normal,-70.1,33.1,Normal
MTR-0061,2026-09-30 10:04:00,13.362203,101.003421,231.56,2.36,0.51,4111.29,0.938,49.98,Normal,-52.7,35.6,Normal
MTR-0062,2026-09-30 10:04:00,13.319023,101.132915,230.31,3.91,0.84,463.85,0.935,50.08,Normal,-60.6,29.0,Normal
MTR-0063,2026-09-30 10:04:00,13.310496,101.099875,228.73,2.49,0.55,4530.12,0.959,49.99,Normal,-62.3,38.7,Normal
MTR-0064,2026-09-30 10:04:00,13.293899,101.146502,233.56,4.79,1.08,1333.78,0.965,50.04,Normal,-73.4,32.2,Normal
MTR-0065,2026-09-30 10:04:00,13.307933,101.101041,227.63,4.82,1.04,3072.49,0.95,49.94,Normal,-48.8,34.3,Normal
MTR-0066,2026-09-30 10:04:00,13.287745,101.097986,229.41,1.62,0.36,2425.09,0.956,49.98,Normal,-62.1,38.2,Normal
MTR-0067,2026-09-30 10:04:00,13.322273,101.133229,234.38,5.16,1.17,3868.55,0.964,49.99,Normal,-44.2,30.9,Normal
MTR-0068,2026-09-30 10:04:00,13.28815,101.093612,229.18,1.53,0.33,2213.06,0.942,50.02,Normal,-44.8,37.4,Normal
MTR-0069,2026-09-30 10:04:00,13.35896,101.009334,233.28,4.82,1.09,4581.58,0.965,49.94,Normal,-77.8,39.8,Normal
MTR-0070,2026-09-30 10:04:00,13.360254,101.005688,226.78,7.11,1.48,3920.11,0.917,50.02,Normal,-66.8,31.6,Normal
MTR-0071,2026-09-30 10:04:00,13.323086,101.131428,226.94,4.59,0.95,3526.8,0.915,50.01,Normal,-73.6,38.9,Normal
MTR-0072,2026-09-30 10:04:00,13.31706,101.146432,227.4,1.05,0.23,4232.18,0.965,49.94,Normal,-62.9,27.1,Normal
MTR-0073,2026-09-30 10:04:00,13.299399,101.121642,229.47,4.78,1.01,4031.77,0.92,49.98,Normal,-59.8,35.5,Normal
MTR-0074,2026-09-30 10:04:00,13.319511,101.100179,237.05,8.64,1.97,621.02,0.964,50.04,Normal,-62.4,29.3,Normal
MTR-0075,2026-09-30 10:04:00,13.323861,101.13554,229.28,2.55,0.55,2325.07,0.941,49.98,Normal,-56.0,36.9,Normal
MTR-0076,2026-09-30 10:04:00,13.378287,101.025252,219.78,3.1,0.64,4871.43,0.945,49.99,Normal,-49.7,36.4,Normal
MTR-0077,2026-09-30 10:04:00,13.329109,101.100251,231.75,1.85,0.4,1047.27,0.924,49.97,Normal,-53.1,41.4,Normal
MTR-0078,2026-09-30 10:04:00,13.377665,101.027908,239.18,3.67,0.85,3951.35,0.97,49.99,Normal,-69.4,39.1,Normal
MTR-0079,2026-09-30 10:04:00,13.289096,101.09515,228.64,5.29,1.2,5079.51,0.996,50.04,Normal,-68.4,33.2,Normal
MTR-0080,2026-09-30 10:04:00,13.377263,101.027147,222.18,45.03,9.16,23479.61,0.916,49.99,High_Load,-63.9,30.6,Abnormal_Load
MTR-0081,2026-09-30 10:04:00,13.31794,101.134112,229.42,12.84,2.83,3690.86,0.96,50.05,Normal,-61.2,36.2,Normal
MTR-0082,2026-09-30 10:04:00,13.346062,101.029546,227.94,2.93,0.62,2673.85,0.931,50.02,Normal,-65.4,34.0,Normal
MTR-0083,2026-09-30 10:04:00,13.319258,101.135865,228.2,1.37,0.29,3201.12,0.923,49.97,Normal,-75.6,38.9,Normal
MTR-0084,2026-09-30 10:04:00,13.300776,101.122106,233.87,3.25,0.73,855.49,0.956,49.96,Normal,-57.7,26.7,Normal
MTR-0085,2026-09-30 10:04:00,13.297455,101.12768,235.35,0.95,0.21,654.32,0.927,49.99,Normal,-68.1,41.6,Normal
MTR-0086,2026-09-30 10:04:00,13.300706,101.125173,233.36,2.43,0.52,3617.7,0.909,49.96,Normal,-67.2,35.9,Normal
MTR-0087,2026-09-30 10:04:00,13.360098,101.008234,231.01,6.14,1.36,4360.95,0.962,50.04,Normal,-63.7,31.2,Normal
MTR-0088,2026-09-30 10:04:00,13.345137,101.028879,234.86,3.65,0.83,4164.7,0.971,50.03,Normal,-65.7,36.6,Normal
MTR-0089,2026-09-30 10:04:00,13.29809,101.120258,222.33,3.28,0.68,3033.2,0.929,49.97,Normal,-65.9,37.6,Normal
MTR-0090,2026-09-30 10:04:00,13.289915,101.093989,224.82,7.14,1.53,924.62,0.951,49.96,Normal,-74.5,34.3,Normal
MTR-0091,2026-09-30 10:04:00,13.3213,101.135903,223.4,2.84,0.62,3718.3,0.978,50.01,Normal,-61.9,27.9,Normal
MTR-0092,2026-09-30 10:04:00,13.297393,101.145441,227.23,5.21,1.13,1599.17,0.955,50.0,Normal,-57.0,34.1,Normal
MTR-0093,2026-09-30 10:04:00,13.377733,101.023376,230.93,3.35,0.71,4777.7,0.917,49.99,Normal,-59.9,37.4,Normal
MTR-0094,2026-09-30 10:04:00,13.300488,101.077433,228.68,3.64,0.78,4431.88,0.936,50.0,Normal,-53.8,35.7,Normal
MTR-0095,2026-09-30 10:04:00,13.312996,101.101132,225.0,1.81,0.4,3819.64,0.985,49.94,Normal,-70.3,34.0,Normal
MTR-0096,2026-09-30 10:04:00,13.346493,101.029583,233.6,2.5,0.56,4957.1,0.964,49.95,Normal,-75.5,38.5,Normal
MTR-0097,2026-09-30 10:04:00,13.334012,101.143632,227.88,1.59,0.35,599.29,0.97,50.08,Normal,-66.1,36.2,Normal
MTR-0098,2026-09-30 10:04:00,13.31982,101.137939,230.8,2.73,0.61,3947.06,0.964,49.98,Normal,-69.6,36.9,Normal
MTR-0099,2026-09-30 10:04:00,13.327068,101.127044,233.09,3.7,0.79,2018.77,0.918,49.93,Normal,-65.0,32.7,Normal
MTR-0100,2026-09-30 10:04:00,13.336579,101.108557,227.3,42.84,9.39,17267.33,0.964,49.95,High_Load,-60.5,32.5,Abnormal_Load
MTR-0101,2026-09-30 10:04:00,13.376416,101.008681,230.09,8.08,1.77,1716.98,0.952,50.06,Normal,-70.1,28.3,Normal
MTR-0102,2026-09-30 10:04:00,13.376957,101.027775,234.8,3.3,0.75,3893.19,0.965,49.97,Normal,-77.5,33.3,Normal
MTR-0103,2026-09-30 10:04:00,13.34464,101.031051,228.5,3.32,0.74,4618.94,0.972,50.04,Normal,-64.9,37.3,Normal
MTR-0104,2026-09-30 10:04:00,13.360121,101.006961,232.48,3.95,0.85,648.03,0.928,49.99,Normal,-59.7,32.9,Normal
MTR-0105,2026-09-30 10:04:00,13.348688,101.032002,230.75,1.91,0.42,2338.91,0.963,50.01,Normal,-56.4,35.9,Normal
MTR-0106,2026-09-30 10:04:00,13.390689,101.006956,238.35,3.05,0.71,4071.09,0.972,50.02,Normal,-55.6,37.2,Normal
MTR-0107,2026-09-30 10:04:00,13.334585,101.108651,232.86,2.15,0.47,2610.94,0.932,49.93,Normal,-58.3,35.5,Normal
MTR-0108,2026-09-30 10:04:00,13.291727,101.094322,233.84,5.71,1.32,1719.69,0.991,49.98,Normal,-62.6,35.2,Normal
MTR-0109,2026-09-30 10:04:00,13.289816,101.096096,234.6,1.79,0.42,1494.16,0.99,49.99,Normal,-61.4,29.6,Normal
MTR-0110,2026-09-30 10:04:00,13.376818,101.014961,227.72,3.22,0.73,1074.83,1.0,49.95,Normal,-61.2,32.7,Normal
MTR-0111,2026-09-30 10:04:00,13.355893,101.035718,225.97,3.54,0.76,4521.49,0.952,50.0,Normal,-60.6,39.6,Normal
MTR-0112,2026-09-30 10:04:00,13.388003,101.005748,224.9,3.55,0.77,3183.06,0.96,50.04,Normal,-71.9,34.4,Normal
MTR-0113,2026-09-30 10:04:00,13.318956,101.132524,227.11,2.25,0.5,812.91,0.976,49.99,Normal,-64.6,40.3,Normal
MTR-0114,2026-09-30 10:04:00,13.393386,101.010749,225.68,1.86,0.41,2267.34,0.976,50.03,Normal,-58.3,32.1,Normal
MTR-0115,2026-09-30 10:04:00,13.389978,101.009555,230.69,2.24,0.5,2196.81,0.974,50.03,Normal,-60.6,35.4,Normal
MTR-0116,2026-09-30 10:04:00,13.299898,101.123375,224.26,3.93,0.86,1313.4,0.974,50.04,Normal,-73.7,32.5,Normal
MTR-0117,2026-09-30 10:04:00,13.375113,101.016535,229.5,2.76,0.6,2518.78,0.947,50.0,Normal,-67.1,36.1,Normal
MTR-0118,2026-09-30 10:04:00,13.38751,101.009758,228.52,3.98,0.9,2027.63,0.986,49.96,Normal,-75.6,37.5,Normal
MTR-0119,2026-09-30 10:04:00,13.349674,101.013796,230.55,3.85,0.82,2073.69,0.928,50.06,Normal,-64.4,36.2,Normal
MTR-0120,2026-09-30 10:04:00,13.347558,101.019405,232.56,1.03,0.23,3960.42,0.941,49.99,Normal,-67.4,37.8,Normal
MTR-0121,2026-09-30 10:04:00,13.310076,101.101641,226.53,3.33,0.75,1510.62,0.999,50.04,Normal,-47.9,33.5,Normal
MTR-0122,2026-09-30 10:04:00,13.361394,101.006199,232.81,8.4,1.79,3499.12,0.917,50.02,Normal,-59.7,32.9,Normal
MTR-0123,2026-09-30 10:04:00,13.300064,101.124328,237.55,5.38,1.2,3160.79,0.936,50.02,Normal,-57.4,27.8,Normal
MTR-0124,2026-09-30 10:04:00,13.39212,101.00926,230.33,3.55,0.79,3148.57,0.972,49.95,Normal,-43.8,36.4,Normal
MTR-0125,2026-09-30 10:04:00,13.29882,101.122908,225.31,1.99,0.43,3599.36,0.965,50.01,Normal,-72.4,33.9,Normal
MTR-0126,2026-09-30 10:04:00,13.309424,101.102352,226.78,3.74,0.79,3054.93,0.929,49.97,Normal,-60.8,33.3,Normal
MTR-0127,2026-09-30 10:04:00,13.299092,101.11987,227.28,4.43,0.95,4626.62,0.943,50.02,Normal,-74.0,33.0,Normal
MTR-0128,2026-09-30 10:04:00,13.29756,101.121629,226.2,2.72,0.56,3659.1,0.907,50.02,Normal,-57.9,33.3,Normal
MTR-0129,2026-09-30 10:04:00,13.389727,101.008041,223.57,3.5,0.76,3048.2,0.97,50.02,Normal,-46.8,33.7,Normal
MTR-0130,2026-09-30 10:04:00,13.36172,101.004654,230.31,5.69,1.24,4391.59,0.949,49.96,Normal,-69.8,31.9,Normal
MTR-0131,2026-09-30 10:04:00,13.359947,101.007474,228.2,2.13,0.48,3329.28,0.99,50.03,Normal,-70.6,34.7,Normal
MTR-0132,2026-09-30 10:04:00,13.332474,101.110527,229.26,1.89,0.41,1833.02,0.948,50.02,Normal,-63.7,35.0,Normal
MTR-0133,2026-09-30 10:04:00,13.291174,101.093997,235.2,4.11,0.91,1433.86,0.942,50.01,Normal,-45.9,31.3,Normal
MTR-0134,2026-09-30 10:04:00,13.310427,101.099487,226.84,3.84,0.82,1173.69,0.942,49.96,Normal,-55.7,32.5,Normal
MTR-0135,2026-09-30 10:04:00,13.324605,101.138558,224.05,4.58,0.96,4722.57,0.939,50.03,Normal,-68.1,33.2,Normal
MTR-0136,2026-09-30 10:04:00,13.332909,101.108998,229.39,3.94,0.86,3823.28,0.955,50.01,Normal,-49.4,33.8,Normal
MTR-0137,2026-09-30 10:04:00,13.348699,101.029786,231.72,2.45,0.57,4902.63,0.996,49.97,Normal,-77.1,34.2,Normal
MTR-0138,2026-09-30 10:04:00,13.322502,101.136714,230.93,48.56,10.62,18314.86,0.947,49.97,High_Load,-45.8,36.2,Abnormal_Load
MTR-0139,2026-09-30 10:04:00,13.37785,101.029545,233.77,1.67,0.37,2698.73,0.945,49.99,Normal,-52.7,28.3,Normal
MTR-0140,2026-09-30 10:04:00,13.351962,101.013973,225.68,2.48,0.53,733.74,0.954,50.03,Normal,-45.1,28.8,Normal
MTR-0141,2026-09-30 10:04:00,13.360002,101.006498,231.17,3.47,0.79,3640.43,0.981,50.04,Normal,-78.5,34.5,Normal
MTR-0142,2026-09-30 10:04:00,13.331153,101.093411,232.89,2.49,0.53,3215.57,0.914,50.04,Normal,-60.4,31.6,Normal
MTR-0143,2026-09-30 10:04:00,13.391472,101.00612,223.87,9.13,1.96,5153.81,0.957,50.02,Normal,-62.3,37.0,Normal
MTR-0144,2026-09-30 10:04:00,13.379582,101.029203,228.71,1.29,0.28,1586.04,0.934,50.0,Normal,-73.7,38.4,Normal
MTR-0145,2026-09-30 10:04:00,13.335109,101.109442,238.97,2.21,0.51,2971.08,0.961,49.96,Normal,-76.4,35.5,Normal
MTR-0146,2026-09-30 10:04:00,13.29869,101.121206,225.61,1.95,0.41,3542.13,0.941,49.99,Normal,-59.1,30.0,Normal
MTR-0147,2026-09-30 10:04:00,13.336676,101.004738,218.68,2.2,0.43,3511.89,0.892,50.01,Normal,-58.9,37.0,Normal
MTR-0148,2026-09-30 10:04:00,13.33588,101.106084,237.47,2.24,0.51,3116.22,0.956,49.97,Normal,-51.4,34.2,Normal
MTR-0149,2026-09-30 10:04:00,13.3849,101.034764,235.15,1.54,0.35,4140.47,0.966,50.02,Normal,-67.6,28.7,Normal
MTR-0150,2026-09-30 10:04:00,13.387754,101.009596,228.76,4.23,0.91,1423.82,0.936,50.06,Normal,-64.3,28.6,Normal
MTR-0151,2026-09-30 10:04:00,13.376127,101.026556,227.58,2.32,0.49,3896.81,0.932,50.03,Normal,-76.0,39.8,Normal
MTR-0152,2026-09-30 10:04:00,13.306211,101.075246,221.53,3.15,0.64,3393.86,0.915,50.04,Normal,-50.2,38.8,Normal
MTR-0153,2026-09-30 10:04:00,13.346718,101.029122,231.8,2.53,0.57,4706.44,0.973,49.92,Normal,-62.7,25.0,Normal
MTR-0154,2026-09-30 10:04:00,13.321089,101.135184,236.58,2.15,0.5,4474.25,0.974,50.07,Normal,-55.0,29.7,Normal
MTR-0155,2026-09-30 10:04:00,13.389205,101.007059,226.77,6.67,1.4,1947.18,0.923,49.99,Normal,-58.1,38.3,Normal
MTR-0156,2026-09-30 10:04:00,13.389028,101.007735,234.23,4.6,1.02,1762.29,0.943,49.97,Normal,-49.6,34.3,Normal
MTR-0157,2026-09-30 10:04:00,13.360179,101.006106,231.05,1.32,0.29,5112.89,0.946,50.02,Normal,-69.0,37.0,Normal
MTR-0158,2026-09-30 10:04:00,13.30147,101.120517,231.78,1.2,0.28,2954.55,1.0,49.96,Normal,-56.7,34.2,Normal
MTR-0159,2026-09-30 10:04:00,13.375019,101.026161,225.75,4.46,0.97,4755.66,0.963,50.05,Normal,-62.4,36.1,Normal
MTR-0160,2026-09-30 10:04:00,13.332196,101.111037,227.19,2.26,0.47,1228.51,0.918,49.99,Normal,-44.7,34.3,Normal
MTR-0161,2026-09-30 10:04:00,13.338077,101.125124,220.83,1.39,0.3,3503.43,0.962,49.98,Normal,-69.9,33.1,Normal
MTR-0162,2026-09-30 10:04:00,13.307676,101.098084,224.83,4.92,1.02,4297.01,0.92,49.99,Normal,-53.2,37.7,Normal
MTR-0163,2026-09-30 10:04:00,13.344124,101.031176,236.27,3.17,0.73,4950.25,0.97,50.07,Normal,-58.0,35.4,Normal
MTR-0164,2026-09-30 10:04:00,13.300397,101.122871,221.8,3.42,0.75,2052.49,0.987,50.05,Normal,-60.3,35.7,Normal
MTR-0165,2026-09-30 10:04:00,13.288421,101.136128,225.16,4.6,1.03,3893.82,0.995,49.98,Normal,-64.0,34.0,Normal
MTR-0166,2026-09-30 10:04:00,13.359921,101.006189,232.63,1.58,0.35,3009.43,0.963,50.02,Normal,-48.6,32.5,Normal
MTR-0167,2026-09-30 10:04:00,13.332362,101.107451,231.17,1.52,0.33,738.03,0.925,49.97,Normal,-61.7,39.2,Normal
MTR-0168,2026-09-30 10:04:00,13.392406,101.007061,229.62,5.68,1.21,3727.71,0.924,49.95,Normal,-75.8,34.1,Normal
MTR-0169,2026-09-30 10:04:00,13.378458,101.026928,223.43,1.54,0.32,3728.0,0.918,50.04,Normal,-53.4,32.9,Normal
MTR-0170,2026-09-30 10:04:00,13.289913,101.097635,240.47,1.79,0.37,4870.45,0.868,50.0,Normal,-53.3,38.6,Normal
MTR-0171,2026-09-30 10:04:00,13.31744,101.132608,222.87,1.76,0.38,2812.31,0.961,50.03,Normal,-58.1,30.6,Normal
MTR-0172,2026-09-30 10:04:00,13.308644,101.102228,231.57,7.09,1.55,1543.96,0.946,50.01,Normal,-72.7,41.6,Normal
MTR-0173,2026-09-30 10:04:00,13.3493,101.015537,228.12,3.87,0.85,661.82,0.967,50.05,Normal,-69.3,34.0,Normal
MTR-0174,2026-09-30 10:04:00,13.323179,101.140504,220.2,4.94,1.07,2424.48,0.987,50.07,Normal,-77.2,30.0,Normal
MTR-0175,2026-09-30 10:04:00,13.33253,101.108968,226.7,3.03,0.65,1884.22,0.953,50.01,Normal,-59.6,40.5,Normal
MTR-0176,2026-09-30 10:04:00,13.313337,101.0764,227.43,2.15,0.46,4065.25,0.945,49.98,Normal,-71.5,32.1,Normal
MTR-0177,2026-09-30 10:04:00,13.301656,101.124399,223.77,3.78,0.8,2132.91,0.941,50.01,Normal,-76.9,35.1,Normal
MTR-0178,2026-09-30 10:04:00,13.380189,101.028446,233.99,1.46,0.32,4958.13,0.925,50.01,Normal,-52.7,37.0,Normal
MTR-0179,2026-09-30 10:04:00,13.376016,101.005768,226.53,1.95,0.43,5021.05,0.975,49.93,Normal,-55.3,38.0,Normal
MTR-0180,2026-09-30 10:04:00,13.332121,101.109507,223.07,4.08,0.86,3399.47,0.942,50.01,Normal,-68.1,34.5,Normal
MTR-0181,2026-09-30 10:04:00,13.283214,101.124748,223.19,1.58,0.33,4861.18,0.947,50.01,Normal,-63.3,32.3,Normal
MTR-0182,2026-09-30 10:04:00,13.345471,101.030504,232.06,2.84,0.63,4064.17,0.95,50.04,Normal,-87.7,34.9,Normal
MTR-0183,2026-09-30 10:04:00,13.34559,101.009291,220.97,2.92,0.63,3047.68,0.972,50.04,Normal,-53.8,32.6,Normal
MTR-0184,2026-09-30 10:04:00,13.348902,101.027981,229.93,2.45,0.53,1306.54,0.943,50.03,Normal,-70.5,34.7,Normal
MTR-0185,2026-09-30 10:04:00,13.307481,101.09972,230.75,1.24,0.27,2628.38,0.951,50.04,Normal,-60.1,38.7,Normal
MTR-0186,2026-09-30 10:04:00,13.357945,101.006452,224.36,2.27,0.48,3114.23,0.95,50.05,Normal,-85.4,36.2,Normal
MTR-0187,2026-09-30 10:04:00,13.374198,101.023289,233.57,1.93,0.45,4553.9,0.989,50.02,Normal,-56.0,34.9,Normal
MTR-0188,2026-09-30 10:04:00,13.380024,101.030651,220.91,3.36,0.7,2736.45,0.945,50.02,Normal,-70.7,35.8,Normal
MTR-0189,2026-09-30 10:04:00,13.287244,101.096006,231.54,2.9,0.63,4714.07,0.938,49.97,Normal,-75.2,37.0,Normal
MTR-0190,2026-09-30 10:04:00,13.378585,101.026014,231.28,3.47,0.75,3653.28,0.93,49.97,Normal,-67.7,29.6,Normal
MTR-0191,2026-09-30 10:04:00,13.318051,101.136934,228.67,55.93,11.96,18936.08,0.935,49.97,High_Load,-67.1,33.0,Abnormal_Load
MTR-0192,2026-09-30 10:04:00,13.335406,101.108503,224.04,3.67,0.82,5176.3,0.998,50.0,Normal,-53.7,43.2,Normal
MTR-0193,2026-09-30 10:04:00,13.309466,101.099637,223.44,1.52,0.31,2954.4,0.91,49.98,Normal,-68.6,38.6,Normal
MTR-0194,2026-09-30 10:04:00,13.289261,101.134962,238.85,1.29,0.29,2311.37,0.934,49.97,Normal,-49.5,32.5,Normal
MTR-0195,2026-09-30 10:04:00,13.346968,101.030099,234.25,1.13,0.25,3580.83,0.942,50.0,Normal,-60.1,31.1,Normal
MTR-0196,2026-09-30 10:04:00,13.299079,101.122301,231.33,2.37,0.52,967.32,0.949,50.04,Normal,-57.9,32.2,Normal
MTR-0197,2026-09-30 10:04:00,13.2927,101.094556,235.5,2.16,0.49,3473.64,0.972,50.0,Normal,-63.3,36.9,Normal
MTR-0198,2026-09-30 10:04:00,13.322411,101.136944,236.16,4.02,0.87,2816.78,0.916,49.92,Normal,-52.0,40.2,Normal
MTR-0199,2026-09-30 10:04:00,13.360171,101.004449,228.22,2.25,0.47,2381.78,0.92,50.02,Normal,-74.0,35.8,Normal
MTR-0200,2026-09-30 10:04:00,13.349326,101.016172,230.45,3.4,0.75,4976.97,0.956,49.99,Normal,-63.6,34.6,Normal
MTR-0201,2026-09-30 10:04:00,13.358013,101.006127,221.36,4.29,0.89,2932.22,0.936,49.96,Normal,-66.0,32.6,Normal
MTR-0202,2026-09-30 10:04:00,13.38124,101.026436,228.69,2.16,0.48,1490.89,0.971,50.01,Normal,-52.1,35.3,Normal
MTR-0203,2026-09-30 10:04:00,13.357519,101.005204,235.26,3.46,0.79,2630.2,0.969,49.97,Normal,-49.9,30.8,Normal
MTR-0204,2026-09-30 10:04:00,13.391741,101.007739,225.73,4.46,0.97,4817.25,0.959,50.01,Normal,-65.1,26.6,Normal
MTR-0205,2026-09-30 10:04:00,13.332679,101.111925,233.97,48.29,10.11,24497.56,0.895,50.1,High_Load,-75.1,39.3,Abnormal_Load
MTR-0206,2026-09-30 10:04:00,13.389179,101.010806,231.53,37.83,8.49,13801.93,0.969,49.93,High_Load,-56.5,30.3,Abnormal_Load
MTR-0207,2026-09-30 10:04:00,13.377235,101.030435,222.92,2.18,0.45,511.97,0.923,49.98,Normal,-77.1,33.2,Normal
MTR-0208,2026-09-30 10:04:00,13.347712,101.002257,222.77,1.72,0.37,517.47,0.961,49.99,Normal,-47.9,36.9,Normal
MTR-0209,2026-09-30 10:04:00,13.378079,101.025559,237.32,1.48,0.33,4389.65,0.93,49.98,Normal,-69.6,39.2,Normal
MTR-0210,2026-09-30 10:04:00,13.323205,101.135682,232.05,1.76,0.38,3927.64,0.922,50.03,Normal,-62.3,35.1,Normal
MTR-0211,2026-09-30 10:04:00,13.349235,101.029068,230.66,3.1,0.67,2136.57,0.936,50.04,Normal,-70.5,30.6,Normal
MTR-0212,2026-09-30 10:04:00,13.30299,101.12169,228.32,1.46,0.33,3767.02,0.994,50.04,Normal,-73.0,33.5,Normal
MTR-0213,2026-09-30 10:04:00,13.32113,101.134366,230.7,2.5,0.55,2327.31,0.954,49.99,Normal,-55.8,31.4,Normal
MTR-0214,2026-09-30 10:04:00,13.288509,101.095436,233.21,4.58,0.99,4976.42,0.929,49.99,Normal,-65.1,33.5,Normal
MTR-0215,2026-09-30 10:04:00,13.377974,101.026973,235.63,3.89,0.88,5043.64,0.964,49.97,Normal,-60.8,38.7,Normal
MTR-0216,2026-09-30 10:04:00,13.347177,101.027866,237.94,2.45,0.56,2315.85,0.954,50.04,Normal,-70.9,25.6,Normal
MTR-0217,2026-09-30 10:04:00,13.354891,101.008585,231.83,6.18,1.35,4507.78,0.941,49.99,Normal,-58.3,33.2,Normal
MTR-0218,2026-09-30 10:04:00,13.285037,101.084917,227.43,7.34,1.53,4122.42,0.914,50.05,Normal,-55.1,32.5,Normal
MTR-0219,2026-09-30 10:04:00,13.377036,101.027297,230.66,3.18,0.72,1922.62,0.978,50.0,Normal,-64.5,29.8,Normal
MTR-0220,2026-09-30 10:04:00,13.378369,101.033196,231.97,1.01,0.22,1552.23,0.948,49.94,Normal,-52.0,36.4,Normal
MTR-0221,2026-09-30 10:04:00,13.324611,101.090931,231.18,4.58,1.06,2626.79,1.0,49.96,Normal,-64.5,29.5,Normal
MTR-0222,2026-09-30 10:04:00,13.346243,101.030011,233.56,1.0,0.23,4161.45,0.968,50.02,Normal,-55.9,29.4,Normal
MTR-0223,2026-09-30 10:04:00,13.309985,101.097302,241.13,6.22,1.45,5011.03,0.966,50.06,Normal,-77.5,37.3,Normal
MTR-0224,2026-09-30 10:04:00,13.387937,101.004873,228.25,4.69,1.01,4077.19,0.94,50.01,Normal,-61.4,38.7,Normal
MTR-0225,2026-09-30 10:04:00,13.32423,101.139012,239.87,6.65,1.48,4512.47,0.928,49.95,Normal,-64.4,33.3,Normal
MTR-0226,2026-09-30 10:04:00,13.391135,101.007441,236.05,3.34,0.74,3314.68,0.942,49.97,Normal,-59.7,29.8,Normal
MTR-0227,2026-09-30 10:04:00,13.307368,101.138861,228.04,2.4,0.51,4418.27,0.929,49.99,Normal,-59.8,32.6,Normal
MTR-0228,2026-09-30 10:04:00,13.35155,101.015301,234.79,2.53,0.58,4176.08,0.969,50.04,Normal,-60.4,37.3,Normal
MTR-0229,2026-09-30 10:04:00,13.377314,101.025917,237.02,2.5,0.59,2240.76,0.997,49.98,Normal,-57.4,34.1,Normal
MTR-0230,2026-09-30 10:04:00,13.29286,101.094801,226.96,4.66,1.0,3072.11,0.943,50.01,Normal,-65.3,33.7,Normal
MTR-0231,2026-09-30 10:04:00,13.309596,101.100111,236.63,4.15,0.97,4272.74,0.983,50.0,Normal,-57.0,34.6,Normal
MTR-0232,2026-09-30 10:04:00,13.335494,101.107883,233.78,3.4,0.74,668.89,0.932,50.02,Normal,-50.9,33.7,Normal
MTR-0233,2026-09-30 10:04:00,13.303556,101.09892,238.75,2.16,0.48,4288.46,0.939,50.07,Normal,-72.8,39.3,Normal
MTR-0234,2026-09-30 10:04:00,13.298097,101.142394,228.13,9.27,1.97,1295.31,0.93,50.04,Normal,-71.7,31.6,Normal
MTR-0235,2026-09-30 10:04:00,13.365975,101.022808,226.62,4.32,0.88,2894.91,0.898,49.97,Normal,-68.5,30.4,Normal
MTR-0236,2026-09-30 10:04:00,13.376695,101.027546,219.95,1.39,0.29,4289.35,0.944,49.93,Normal,-70.4,29.1,Normal
MTR-0237,2026-09-30 10:04:00,13.376589,101.002193,232.17,2.32,0.52,1655.73,0.963,49.99,Normal,-67.1,32.1,Normal
MTR-0238,2026-09-30 10:04:00,13.350756,101.020064,231.29,4.71,1.07,1617.76,0.978,49.99,Normal,-53.0,30.2,Normal
MTR-0239,2026-09-30 10:04:00,13.377436,101.031527,226.14,1.94,0.43,2363.21,0.972,49.97,Normal,-52.1,35.3,Normal
MTR-0240,2026-09-30 10:04:00,13.348305,101.030019,227.46,3.25,0.71,4699.67,0.959,50.06,Normal,-62.5,34.4,Normal
MTR-0241,2026-09-30 10:04:00,13.359054,101.005814,221.44,4.65,0.95,452.26,0.918,49.99,Normal,-67.0,29.6,Normal
MTR-0242,2026-09-30 10:04:00,13.310095,101.099891,236.2,0.69,0.16,4731.61,0.969,50.03,Normal,-55.1,36.1,Normal
MTR-0243,2026-09-30 10:04:00,13.353417,101.045971,226.39,3.01,0.67,1180.68,0.988,50.02,Normal,-81.9,39.9,Normal
MTR-0244,2026-09-30 10:04:00,13.377988,101.02935,245.06,3.13,0.74,5153.03,0.965,50.01,Normal,-71.4,35.1,Normal
MTR-0245,2026-09-30 10:04:00,13.355919,101.005102,226.32,2.42,0.55,4985.6,0.999,49.91,Normal,-85.8,25.5,Normal
MTR-0246,2026-09-30 10:04:00,13.335109,101.108665,224.68,3.3,0.73,2799.83,0.99,49.99,Normal,-71.6,41.1,Normal
MTR-0247,2026-09-30 10:04:00,13.387038,101.004093,226.8,4.26,0.92,2885.56,0.954,50.12,Normal,-69.6,36.1,Normal
MTR-0248,2026-09-30 10:04:00,13.375093,101.028803,221.4,3.01,0.62,2737.48,0.936,49.95,Normal,-51.1,41.5,Normal
MTR-0249,2026-09-30 10:04:00,13.312355,101.100681,232.78,2.51,0.55,3468.44,0.94,49.99,Normal,-88.0,38.6,Normal
MTR-0250,2026-09-30 10:04:00,13.346931,101.028898,225.27,4.05,0.83,881.05,0.913,50.07,Normal,-65.4,37.9,Normal
MTR-0251,2026-09-30 10:04:00,13.352528,101.015825,233.46,3.26,0.71,605.06,0.939,50.02,Normal,-60.8,35.4,Normal
MTR-0252,2026-09-30 10:04:00,13.309989,101.103115,226.89,2.58,0.57,724.18,0.978,50.0,Normal,-60.8,33.0,Normal
MTR-0253,2026-09-30 10:04:00,13.345728,101.02014,234.62,1.69,0.35,2560.79,0.886,50.03,Normal,-50.5,35.5,Normal
MTR-0254,2026-09-30 10:04:00,13.357473,101.014131,233.3,1.52,0.33,1758.89,0.917,49.98,Normal,-61.3,31.2,Normal
MTR-0255,2026-09-30 10:04:00,13.359694,101.007138,228.82,1.74,0.38,3404.74,0.944,49.98,Normal,-57.7,35.5,Normal
MTR-0256,2026-09-30 10:04:00,13.378463,101.029141,237.98,3.17,0.7,5164.22,0.928,50.05,Normal,-81.8,25.5,Normal
MTR-0257,2026-09-30 10:04:00,13.359263,101.004347,235.31,2.72,0.6,2285.16,0.93,50.06,Normal,-71.3,34.3,Normal
MTR-0258,2026-09-30 10:04:00,13.377556,101.025421,245.41,1.45,0.33,3175.79,0.94,49.98,Normal,-79.5,39.1,Normal
MTR-0259,2026-09-30 10:04:00,13.332824,101.10737,227.84,3.99,0.86,2424.28,0.948,50.04,Normal,-59.8,34.5,Normal
MTR-0260,2026-09-30 10:04:00,13.310751,101.094676,227.63,5.69,1.2,4474.74,0.926,49.99,Normal,-60.3,40.4,Normal
MTR-0261,2026-09-30 10:04:00,13.33598,101.019283,237.5,2.18,0.49,4735.7,0.937,50.0,Normal,-59.6,33.4,Normal
MTR-0262,2026-09-30 10:04:00,13.390976,101.009447,223.36,1.28,0.28,4617.48,0.98,49.99,Normal,-69.7,37.7,Normal
MTR-0263,2026-09-30 10:04:00,13.346911,101.02962,236.21,2.31,0.53,5078.35,0.976,49.95,Normal,-73.6,30.4,Normal
MTR-0264,2026-09-30 10:04:00,13.312241,101.100321,229.97,4.59,0.96,580.88,0.905,50.03,Normal,-59.4,37.6,Normal
MTR-0265,2026-09-30 10:04:00,13.311911,101.101868,224.92,4.12,0.82,4439.25,0.88,49.98,Normal,-66.0,35.0,Normal
MTR-0266,2026-09-30 10:04:00,13.344338,101.120894,224.62,1.98,0.43,4021.0,0.975,49.94,Normal,-70.7,32.6,Normal
MTR-0267,2026-09-30 10:04:00,13.30196,101.120575,226.42,6.38,1.31,1536.5,0.908,50.03,Normal,-67.4,24.7,Normal
MTR-0268,2026-09-30 10:04:00,13.352701,101.018123,216.08,5.19,1.06,4992.7,0.948,50.03,Normal,-67.8,33.5,Normal
MTR-0269,2026-09-30 10:04:00,13.339386,101.017415,226.07,2.02,0.42,1153.93,0.917,50.0,Normal,-72.3,35.0,Normal
MTR-0270,2026-09-30 10:04:00,13.309957,101.095518,232.56,2.16,0.5,3677.94,0.987,50.02,Normal,-73.2,37.4,Normal
MTR-0271,2026-09-30 10:04:00,13.312643,101.100096,224.75,2.39,0.54,1518.31,1.0,50.03,Normal,-58.8,39.1,Normal
MTR-0272,2026-09-30 10:04:00,13.310165,101.097806,237.38,2.56,0.58,2499.14,0.958,50.07,Normal,-49.2,40.9,Normal
MTR-0273,2026-09-30 10:04:00,13.308628,101.095989,237.48,4.47,1.01,3866.17,0.952,49.98,Normal,-63.2,38.0,Normal
MTR-0274,2026-09-30 10:04:00,13.324541,101.134859,233.92,3.69,0.81,3125.92,0.941,50.02,Normal,-59.5,32.5,Normal
MTR-0275,2026-09-30 10:04:00,13.346784,101.028646,230.37,4.42,0.98,2480.79,0.967,50.02,Normal,-59.9,33.1,Normal
MTR-0276,2026-09-30 10:04:00,13.325147,101.135076,214.56,3.83,0.8,2000.25,0.969,50.06,Normal,-59.3,36.4,Normal
MTR-0277,2026-09-30 10:04:00,13.291538,101.09504,225.99,6.47,1.41,4438.62,0.967,50.01,Normal,-71.2,35.9,Normal
MTR-0278,2026-09-30 10:04:00,13.309081,101.101572,229.61,1.96,0.42,1133.2,0.938,50.0,Normal,-50.2,39.9,Normal
MTR-0279,2026-09-30 10:04:00,13.322685,101.135506,226.76,3.28,0.71,2493.11,0.959,49.97,Normal,-69.7,42.9,Normal
MTR-0280,2026-09-30 10:04:00,13.290295,101.092905,226.99,1.18,0.25,4742.89,0.93,50.01,Normal,-58.4,40.6,Normal
MTR-0281,2026-09-30 10:04:00,13.309837,101.100165,239.08,1.61,0.36,4467.86,0.931,50.0,Normal,-57.5,39.9,Normal
MTR-0282,2026-09-30 10:04:00,13.298691,101.123392,220.06,2.76,0.58,2354.58,0.953,50.02,Normal,-80.9,35.3,Normal
MTR-0283,2026-09-30 10:04:00,13.289721,101.097117,238.14,3.58,0.78,4074.9,0.919,50.02,Normal,-66.5,38.4,Normal
MTR-0284,2026-09-30 10:04:00,13.359202,101.004966,233.44,2.85,0.65,4360.13,0.973,50.03,Normal,-63.5,39.0,Normal
MTR-0285,2026-09-30 10:04:00,13.343972,101.004207,229.18,2.46,0.53,4672.3,0.932,49.99,Normal,-62.9,33.8,Normal
MTR-0286,2026-09-30 10:04:00,13.290608,101.094067,225.86,2.71,0.59,3036.48,0.96,49.97,Normal,-60.5,32.3,Normal
MTR-0287,2026-09-30 10:04:00,13.352962,101.018944,224.5,5.51,1.16,1421.39,0.938,49.98,Normal,-55.2,30.9,Normal
MTR-0288,2026-09-30 10:04:00,13.378201,101.026632,220.46,40.29,7.96,9228.03,0.896,50.03,High_Load,-60.2,30.8,Abnormal_Load
MTR-0289,2026-09-30 10:04:00,13.288641,101.097088,238.59,6.38,1.43,1854.8,0.942,50.01,Normal,-59.4,29.7,Normal
MTR-0290,2026-09-30 10:04:00,13.378794,101.02772,239.58,4.0,0.88,3270.72,0.92,49.95,Normal,-63.9,34.6,Normal
MTR-0291,2026-09-30 10:04:00,13.324002,101.1377,220.62,3.87,0.83,605.97,0.967,50.02,Normal,-72.2,30.5,Normal
MTR-0292,2026-09-30 10:04:00,13.33433,101.109957,227.77,1.77,0.38,3471.27,0.945,50.08,Normal,-61.3,31.6,Normal
MTR-0293,2026-09-30 10:04:00,13.3089,101.099207,230.33,4.41,0.97,2180.84,0.952,49.98,Normal,-55.0,36.0,Normal
MTR-0294,2026-09-30 10:04:00,13.358413,101.004652,227.82,2.56,0.55,1852.48,0.935,49.99,Normal,-53.4,34.8,Normal
MTR-0295,2026-09-30 10:04:00,13.29947,101.120254,218.67,1.8,0.36,4627.66,0.913,49.99,Normal,-57.5,35.8,Normal
MTR-0296,2026-09-30 10:04:00,13.289911,101.095007,225.11,3.97,0.88,2635.16,0.982,50.02,Normal,-52.7,38.3,Normal
MTR-0297,2026-09-30 10:04:00,13.299027,101.124523,238.48,1.67,0.39,901.57,0.979,50.0,Normal,-57.3,36.5,Normal
MTR-0298,2026-09-30 10:04:00,13.299661,101.122173,226.24,2.15,0.45,4377.13,0.932,50.0,Normal,-54.7,38.8,Normal
MTR-0299,2026-09-30 10:04:00,13.323492,101.141435,229.59,2.8,0.62,676.42,0.96,50.03,Normal,-57.0,33.9,Normal
MTR-0300,2026-09-30 10:04:00,13.363445,101.02093,223.34,8.34,1.83,3902.36,0.98,50.06,Normal,-62.5,39.3,Normal
